Organism,Scaffold,Start,End,Score,CAA19960.1
Streptomyces coelicolor A3(2),AL645882.2,7419663,7422456,1.1840,1
Streptomyces coelicolor A3(2) CFB_NBC_0001,CP042324.1,7419778,7422571,1.1840,1
Streptomyces coelicolor A3(2) CFB_NBC_0001,NZ_CP042324.1,7419856,7422571,1.1786,1
Streptomyces coelicolor A3(2) ICSSB 1010,NZ_VNID01000002.1,253234,255949,1.1786,1
Streptomyces sp. SID7813,WWHF01000001.1,7419663,7422456,1.1840,1
Streptomyces sp. SID7813,NZ_WWHF01000001.1,7419741,7422456,1.1786,1
Streptomyces sp. LRa12,SSBN01000098.1,23285,26060,1.1809,1
Streptomyces sp. LRa12,NZ_SSBN01000098.1,23363,26060,1.1759,1
Streptomyces sp. NRRL_B-16638,NZ_JARAWB010000034.1,23311,26026,1.1786,1
Streptomyces sp. ME02-6977A,NZ_JARAYD010000119.1,13986,16701,1.1786,1
Streptomyces sp. 111WW2,NZ_MUYY01000090.1,2851,5566,1.1783,1
Streptomyces sp. ME03-5684b,NZ_JARAXO010000002.1,110458,113173,1.1779,1
Streptomyces sp. WM6391,NZ_JXWX01000027.1,23323,26038,1.1779,1
Streptomyces sp. ISBFB 2968,NZ_JAJSYZ010000089.1,14040,16773,1.1778,1
Streptomyces sp. RK76,NZ_JAGPYG010000011.1,63578,66293,1.1768,1
Streptomyces sp. ME01-18h,NZ_JARAYG010000009.1,189013,191710,1.1763,1
Streptomyces sp. 2114.2,NZ_LT629768.1,7449208,7451905,1.1763,1
Streptomyces sp. 2221.1,NZ_QUNN01000001.1,7446714,7449411,1.1763,1
Streptomyces sp. ME02-6987-2C,NZ_JARAXU010000108.1,9301,11998,1.1761,1
Streptomyces sp. ME02-6985-2c,NZ_JARAXV010000011.1,47380,50077,1.1761,1
Streptomyces sp. E5N91,NZ_RAIE01000763.1,8435,11168,1.1759,1
Streptomyces sp. RB13,NZ_JAMQUP010000001.1,1178597,1181294,1.1758,1
Streptomyces sp. ME02-6979A,NZ_JARAXW010000011.1,106860,109539,1.1748,1
Streptomyces sp. CS113,KZ195574.1,1323494,1326302,1.1745,1
Streptomyces sp. CS113,NZ_KZ195574.1,1323494,1326224,1.1694,1
Streptomyces sp. IBSBF 2394,NZ_JAJSYV010000028.1,11039,13751,1.1713,1
Streptomyces sp. IBSBF 2507,NZ_JAKCWU010000016.1,36448,39178,1.1711,1
Streptomyces sp. NPDC059906,NZ_JBHWKU010000008.1,133323,136050,1.1707,1
Streptomyces sp. NPDC127039,NZ_JBHXDR010000086.1,9567,12312,1.1701,1
Streptomyces sp. PB17,NZ_JBJPFQ010000009.1,183777,186489,1.1694,1
Streptomyces sp. AD681,NZ_JAQISL010000003.1,102456,105153,1.1690,1
Streptomyces sp. RK23,NZ_JAGPYB010000021.1,123234,125874,1.1667,1
Streptomyces sp. RK74B,NZ_JAGPYE010000020.1,26485,29125,1.1667,1
Streptomyces sp. NPDC018026,NZ_JBIRFY010000001.1,1030942,1033585,1.1648,1
Streptomyces sp. NPDC001599,NZ_JBIAVA010000004.1,156452,159164,1.1634,1
Streptomyces sp. NPDC021969,NZ_JBFACC010000004.1,67137,69894,1.1623,1
Streptomyces sp. NPDC021086,NZ_JBIRQL010000002.1,1065507,1068264,1.1623,1
Streptomyces sp. RS2,NZ_JAPCIE010000001.1,6707789,6710504,1.1617,1
Streptomyces sp. NPDC049744,NZ_JBFANE010000285.1,336,2982,1.1552,1
Streptomyces sp. M1013,NZ_MQUH01000025.1,305418,308064,1.1541,1
Streptomyces sp. E5N298,NZ_RAIG01000595.1,15153,17799,1.1541,1
Streptomyces sp. NPDC021139,NZ_JBFADF010000021.1,15009,17655,1.1541,1
Streptomyces sp. NPDC021140,NZ_JBIRQE010000005.1,306225,308871,1.1541,1
Streptomyces sp. NPDC019793,NZ_JBEYAX010000014.1,26313,28959,1.1540,1
Streptomyces sp. NPDC020947,NZ_JBFADN010000023.1,26313,28959,1.1540,1
Streptomyces sp. x-45,NZ_JAJPWL010000006.1,181138,183784,1.1539,1
Streptomyces sp. NPDC048376,NZ_JBEZKV010000011.1,170188,172834,1.1538,1
Streptomyces sp. BBFR25,NZ_CP172447.1,7368564,7371210,1.1538,1
Streptomyces sp. NPDC020571,NZ_JBIRUP010000030.1,44813,47435,1.1535,1
Streptomyces sp. NPDC005897,NZ_JBEXWD010000014.1,103419,106065,1.1529,1
Streptomyces sp. RM72,NZ_JAGPYH010000007.1,22264,24886,1.1529,1
Streptomyces sp. NPDC005549,NZ_JBEXKJ010000071.1,19542,22164,1.1526,1
Streptomyces sp. NPDC102490,NZ_JBIWJU010000005.1,59739,62424,1.1524,1
Streptomyces sp. NRRL F-4707,LGEF01000150.1,20795,23636,1.1523,1
Streptomyces sp. NRRL F-4707,NZ_LGEF01000150.1,20795,23534,1.1485,1
Streptomyces sp. NRRL F-4711,LGCX01000255.1,15865,18709,1.1523,1
Streptomyces sp. NRRL F-4711,NZ_LGCX01000255.1,15967,18709,1.1485,1
Streptomyces sp. BRB040,NZ_CP155141.1,1217526,1220223,1.1523,1
Streptomyces sp. NRRL F-7442,LGEH01000174.1,20688,23532,1.1520,1
Streptomyces sp. NRRL F-7442,NZ_LGEH01000174.1,20688,23430,1.1479,1
Streptomyces sp. NPDC056353,NZ_JBHJQL010000017.1,123026,125675,1.1519,1
Streptomyces sp. KO7888,NZ_WXVT01000001.1,891297,893994,1.1516,1
Streptomyces sp. OM5714,NZ_WHZR01000001.1,874995,877692,1.1516,1
Streptomyces sp. NPDC093065,NZ_JBIVPJ010000025.1,95754,98499,1.1516,1
Streptomyces sp. SYP-A7193,NZ_CP045547.1,1215920,1218617,1.1515,1
Streptomyces sp. ARC32,CP096673.1,1004184,1006881,1.1514,1
Streptomyces sp. 067-1,NZ_JAJPWA010000007.1,125239,127936,1.1509,1
Streptomyces sp. NPDC092369,NZ_JBIVQP010000001.1,70100,72707,1.1508,1
Streptomyces sp. NPDC093554,NZ_JBFBDZ010000012.1,215971,218716,1.1508,1
Streptomyces sp. NPDC087460,NZ_JBIUXM010000004.1,373679,376424,1.1508,1
Streptomyces sp. NPDC093681,NZ_JBFBDU010000001.1,453489,456282,1.1507,1
Streptomyces sp. NRRL F-5650,NZ_JOGV01000057.1,15836,18626,1.1503,1
Streptomyces sp. NPDC007126,NZ_JBIAFL010000001.1,1067196,1069941,1.1499,1
Streptomyces sp. NPDC088387,NZ_JBIVNC010000006.1,560739,563472,1.1499,1
Streptomyces sp. NPDC051963,NZ_JBIUCC010000001.1,1130213,1132820,1.1497,1
Streptomyces sp. NPDC057375,NZ_JBHVBA010000001.1,968220,970869,1.1496,1
Streptomyces sp. NPDC051954,NZ_JBFAXO010000001.1,733879,736486,1.1496,1
Streptomyces sp. NPDC005395,NZ_JBEXFE010000061.1,23989,26758,1.1495,1
Streptomyces sp. ICN988,NZ_JAOVZD010000001.1,57412,60061,1.1495,1
Streptomyces sp. NPDC101133,NZ_JBIVYW010000001.1,563629,566374,1.1494,1
Streptomyces sp. V17-9,NZ_CP074111.1,6991693,6994462,1.1493,1
Streptomyces sp. BSE6.1,NZ_CP085300.1,1172009,1174778,1.1493,1
Streptomyces sp. HUAS CX7,NZ_CP130681.1,1165667,1168436,1.1493,1
Streptomyces sp. NPDC048224,NZ_JBEZMG010000001.1,55132,57817,1.1492,1
Streptomyces sp. NPDC048109,NZ_JBEZNC010000003.1,433088,435857,1.1491,1
Streptomyces sp. NPDC048306,NZ_JBEZLI010000005.1,283930,286699,1.1491,1
Streptomyces sp. G3,NZ_JAMOZC010000012.1,294464,297209,1.1491,1
Streptomyces sp. NPDC048392,NZ_JBICYB010000024.1,80524,83131,1.1490,1
Streptomyces sp. NPDC059409,NZ_JBHYWH010000250.1,200,3008,1.1490,1
Streptomyces sp. NPDC005930,NZ_JBIAIH010000016.1,54910,57589,1.1490,1
Streptomyces sp. NPDC057362,NZ_JBHVAO010000043.1,26569,29314,1.1490,1
Streptomyces sp. NPDC058737,NZ_JBHYQL010000011.1,253699,256324,1.1488,1
Streptomyces sp. NPDC058783,NZ_JBHYPA010000002.1,320480,323222,1.1487,1
Streptomyces sp. NRRL F-5635,NZ_JOGJ01000039.1,15885,18627,1.1486,1
Streptomyces sp. NRRL F-5555,NZ_JOHJ01000031.1,15910,18652,1.1485,1
Streptomyces sp. NPDC060311,NZ_JBHXCA010000018.1,121546,124288,1.1485,1
Streptomyces sp. CoH17,NZ_JAPELJ010000027.1,15987,18729,1.1484,1
Streptomyces sp. NPDC057176,NZ_JBHUVX010000001.1,454222,456991,1.1484,1
Streptomyces sp. NA03103,NZ_CP054920.1,1054372,1057165,1.1484,1
Streptomyces sp. NPDC048110,NZ_JBEZNB010000031.1,21481,24271,1.1483,1
Streptomyces sp. NPDC059709,NZ_JBHWFR010000010.1,167231,170000,1.1483,1
Streptomyces sp. NPDC048405,NZ_JBICXX010000029.1,18933,21702,1.1482,1
Streptomyces sp. PU10,NZ_JAVCPQ010000002.1,543177,545946,1.1482,1
Streptomyces sp. NPDC057144,NZ_JBHUVB010000187.1,230,2975,1.1482,1
Streptomyces sp. NPDC044989,NZ_JBEZBD010000008.1,276047,278792,1.1481,1
Streptomyces sp. NPDC058762,NZ_JBHYPP010000007.1,301441,304210,1.1481,1
Streptomyces sp. NPDC030592,NZ_JBEZVW010000066.1,319,3088,1.1481,1
Streptomyces sp. NPDC052535,NZ_JBFAUD010000091.1,17602,20395,1.1481,1
Streptomyces sp. NPDC059712,NZ_JBHWFU010000001.1,124677,127470,1.1481,1
Streptomyces sp. NBC_01124,NZ_CP108643.1,1268573,1271315,1.1480,1
Streptomyces sp. HB-N217,NZ_JADWMQ010000003.1,72627,75369,1.1480,1
Streptomyces sp. KPB2,NZ_CP034353.1,1109277,1112022,1.1480,1
Streptomyces sp. NRRL S-1831,NZ_JOGT01000032.1,15813,18555,1.1479,1
Streptomyces sp. NPDC048225,NZ_JBIDAA010000002.1,617106,619809,1.1478,1
Streptomyces sp. BK208,NZ_SOAV01000001.1,1011465,1014204,1.1477,1
Streptomyces sp. NPDC048187,NZ_JBIDAM010000008.1,94703,97382,1.1477,1
Streptomyces sp. NBRC 110030,NZ_BBOK01000011.1,322631,325373,1.1477,1
Streptomyces sp. NPDC048188,NZ_JBEZMP010000069.1,17546,20231,1.1476,1
Streptomyces sp. H23,NZ_SOPG01000008.1,105944,108737,1.1476,1
Streptomyces sp. SID5926,WWHV01000474.1,1093,3441,1.1475,1
Streptomyces sp. NBC_00334,NZ_CP108008.1,6717792,6720423,1.1474,1
Streptomyces sp. NPDC051135,NZ_JBFBBJ010000015.1,55310,57995,1.1473,1
Streptomyces sp. NPDC051136,NZ_JBITFE010000001.1,55190,57875,1.1473,1
Streptomyces sp. NPDC085944,NZ_JBFBJX010000004.1,263541,266286,1.1471,1
Streptomyces sp. NPDC059402,NZ_JBHYWM010000001.1,898118,900743,1.1467,1
Streptomyces sp. NPDC006349,NZ_JBEXQR010000098.1,4932,7563,1.1467,1
Streptomyces sp. NPDC006284,NZ_JBEXRY010000020.1,56603,59213,1.1466,1
Streptomyces sp. NPDC058534,NZ_JBHXNW010000002.1,138162,140772,1.1465,1
Streptomyces sp. NPDC047829,NZ_JBEYRU010000035.1,70342,72952,1.1464,1
Streptomyces sp. NPDC101221,NZ_JBIWOI010000002.1,441045,443670,1.1462,1
Streptomyces sp. NPDC047868,NZ_JBEYRL010000016.1,78211,80821,1.1462,1
Streptomyces sp. NPDC047853,NZ_JBIDCI010000016.1,80618,83228,1.1462,1
Streptomyces sp. R1,NZ_JAJIBA010000008.1,97616,100241,1.1460,1
Streptomyces sp. NPDC057387,NZ_JBHVBK010000064.1,12391,15016,1.1460,1
Streptomyces sp. MS2A,JAQIOU010000110.1,23059,25684,1.1459,1
Streptomyces sp. NPDC056568,NZ_JBHTUU010000009.1,69376,71986,1.1458,1
Streptomyces sp. MPA0124,NZ_JBJDRC010000028.1,56757,59382,1.1457,1
Streptomyces sp. SID5606,WWIE01000523.1,12254,14942,1.1457,1
Streptomyces sp. SID5606,NZ_WWIE01000523.1,12254,14864,1.1415,1
Streptomyces sp. NPDC016675,NZ_JBIBQW010000018.1,85708,88318,1.1457,1
Streptomyces sp. CCM_MD2014,NZ_CP009754.1,1139766,1142391,1.1456,1
Streptomyces sp. NPDC058985,NZ_JBHYJX010000003.1,201450,204060,1.1454,1
Streptomyces sp. STD 3.1,JAKFGY010000005.1,323700,326310,1.1453,1
Streptomyces sp. NPDC059459,NZ_JBHYUX010000018.1,86015,88625,1.1448,1
Streptomyces sp. CB02400,NZ_LIWB01000010.1,264402,267066,1.1445,1
Streptomyces sp. XY152,LGDQ01000280.1,20757,23499,1.1444,1
Streptomyces sp. XY152,NZ_LGDQ01000280.1,20835,23499,1.1407,1
Streptomyces sp. NPDC057236,NZ_JBHUXH010000018.1,98445,101109,1.1443,1
Streptomyces sp. NPDC000931,NZ_JBEPBT010000021.1,82028,84692,1.1439,1
Streptomyces sp. DSM 116494,NZ_CP169548.1,6977413,6980137,1.1439,1
Streptomyces sp. WAC 04229,NZ_QHJH01000005.1,13924,16534,1.1437,1
Streptomyces sp. NPDC048594,NZ_JBICWB010000005.1,247691,250301,1.1437,1
Streptomyces sp. NPDC048232,NZ_JBICZU010000024.1,28120,30730,1.1437,1
Streptomyces sp. NPDC058698,NZ_JBHXSV010000093.1,173,2921,1.1436,1
Streptomyces sp. VNUA74,NZ_CP133215.1,6262465,6265075,1.1436,1
Streptomyces sp. NPDC046979,NZ_JBEYWM010000014.1,28538,31148,1.1436,1
Streptomyces sp. NPDC007057,NZ_JBEYGL010000054.1,16475,19223,1.1436,1
Streptomyces sp. NPDC007056,NZ_JBEYGM010000004.1,70383,73131,1.1436,1
Streptomyces sp. NPDC051740,NZ_JBITCL010000010.1,81230,83933,1.1436,1
Streptomyces sp. LKA04,NZ_JBLUUE010000002.1,13670,16280,1.1434,1
Streptomyces sp. NPDC048171,NZ_JBIDAU010000011.1,230970,233580,1.1433,1
Streptomyces sp. NPDC049936,NZ_JBITKJ010000023.1,22326,24936,1.1432,1
Streptomyces sp. NPDC127113,NZ_JBHXTI010000012.1,101000,103610,1.1432,1
Streptomyces sp. SID5789,NZ_WWHZ01000469.1,1692,4302,1.1432,1
Streptomyces sp. NPDC004250,NZ_JBIAMO010000010.1,229858,232468,1.1431,1
Streptomyces sp. NPDC015140,NZ_JBIBUV010000015.1,28562,31172,1.1431,1
Streptomyces sp. NPDC015237,NZ_JBIBUH010000006.1,429114,431724,1.1431,1
Streptomyces sp. NPDC057239,NZ_JBHUXJ010000102.1,166,2830,1.1431,1
Streptomyces sp. NPDC096191,NZ_JBEOSK010000013.1,221272,223882,1.1430,1
Streptomyces sp. NPDC057238,NZ_JBHUXI010000037.1,41618,44282,1.1430,1
Streptomyces sp. NPDC056128,NZ_JBHJVQ010000001.1,657797,660407,1.1430,1
Streptomyces sp. NPDC056127,NZ_JBHJVR010000009.1,245127,247737,1.1430,1
Streptomyces sp. NPDC057286,NZ_JBHUYU010000003.1,343102,345712,1.1430,1
Streptomyces sp. NPDC057293,NZ_JBHUZA010000002.1,343084,345694,1.1430,1
Streptomyces sp. NPDC057296,NZ_JBHUZD010000089.1,28160,30770,1.1430,1
Streptomyces sp. NPDC057299,NZ_JBHUZG010000012.1,38514,41124,1.1430,1
Streptomyces sp. NPDC057305,NZ_JBHUZL010000003.1,245139,247749,1.1430,1
Streptomyces sp. NPDC057315,NZ_JBHUZP010000030.1,55145,57755,1.1430,1
Streptomyces sp. NPDC056337,NZ_JBHJQU010000002.1,28097,30707,1.1429,1
Streptomyces sp. NPDC088106,NZ_JBFBJC010000066.1,11337,14079,1.1429,1
Streptomyces sp. NPDC127020,NZ_JBHXDJ010000002.1,329493,332103,1.1428,1
Streptomyces sp. NPDC046988,NZ_JBEYWH010000020.1,45279,47889,1.1428,1
Streptomyces sp. NPDC047065,NZ_JBEYVG010000005.1,241652,244262,1.1428,1
Streptomyces sp. NPDC004538,NZ_JBEXLT010000013.1,221521,224131,1.1428,1
Streptomyces sp. NPDC127139,NZ_JBHXUC010000035.1,41800,44410,1.1427,1
Streptomyces sp. NPDC127168,NZ_JBHXUN010000014.1,45211,47821,1.1427,1
Streptomyces sp. 049-1,NZ_JAJPVW010000014.1,222758,225368,1.1427,1
Streptomyces sp. NPDC015408,NZ_JBIBTQ010000013.1,28599,31209,1.1427,1
Streptomyces sp. DSM 40167,NZ_JAUSUS010000001.1,6707326,6709936,1.1427,1
Streptomyces sp. NPDC000349,NZ_JBEPDY010000014.1,189022,191632,1.1427,1
Streptomyces sp. NPDC048568,NZ_JBICWJ010000012.1,21849,24459,1.1427,1
Streptomyces sp. NBC_01723,NZ_CP109171.1,7505682,7508292,1.1427,1
Streptomyces sp. NPDC053782,NZ_JBFASH010000001.1,120017,122627,1.1426,1
Streptomyces sp. NPDC053780,NZ_JBITWY010000010.1,209447,212057,1.1426,1
Streptomyces sp. NPDC044984,NZ_JBEZBE010000037.1,18826,21421,1.1426,1
Streptomyces sp. AC558_RSS880,NZ_JAGMUJ010000102.1,18218,20837,1.1424,1
Streptomyces sp. NPDC013433,NZ_JBEYDA010000027.1,33855,36474,1.1424,1
Streptomyces sp. NPDC012403,NZ_JBIBEX010000003.1,495706,498325,1.1424,1
Streptomyces sp. NPDC017966,NZ_JBIRGY010000005.1,87506,90125,1.1424,1
Streptomyces sp. NPDC059781,NZ_JBHWHR010000085.1,179,2864,1.1420,1
Streptomyces sp. NPDC059787,NZ_JBHWHX010000015.1,33554,36239,1.1420,1
Streptomyces sp. NPDC026672,NZ_JBEZXS010000016.1,130999,133645,1.1419,1
Streptomyces sp. NPDC026666,NZ_JBEZXV010000012.1,72943,75589,1.1419,1
Streptomyces sp. NPDC058726,NZ_JBHYQU010000070.1,24467,27215,1.1417,1
Streptomyces sp. BPPL-273,NZ_CP124542.1,1367145,1369755,1.1414,1
Streptomyces sp. NPDC006967,NZ_JBEYHS010000083.1,17036,19748,1.1413,1
Streptomyces sp. NPDC126497,NZ_JBEORT010000142.1,11952,14649,1.1412,1
Streptomyces sp. NPDC060077,NZ_JBHWWR010000103.1,19820,22568,1.1412,1
Streptomyces sp. NPDC059454,NZ_JBHYVC010000023.1,85582,88243,1.1411,1
Streptomyces sp. NPDC052092,NZ_JBIUBQ010000003.1,503362,506020,1.1408,1
Streptomyces sp. NPDC102370,NZ_JBIWLB010000003.1,498750,501408,1.1408,1
Streptomyces sp. YIM B13518,NZ_JBHZON010000009.1,277541,280205,1.1408,1
Streptomyces sp. NRRL F-2305,NZ_JOFW01000002.1,66246,68910,1.1407,1
Streptomyces sp. NPDC085937,NZ_JBITSH010000004.1,479635,482293,1.1406,1
Streptomyces sp. NPDC086843,NZ_JBIVAQ010000010.1,25668,28326,1.1405,1
Streptomyces sp. T12,NZ_VIUV01000020.1,8534,11192,1.1405,1
Streptomyces sp. OP7,NZ_JBEGWG010000023.1,676258,678916,1.1405,1
Streptomyces sp. NPDC093594,NZ_JBFBDX010000053.1,8156,10814,1.1405,1
Streptomyces sp. NPDC052492,NZ_JBIUAO010000003.1,500832,503490,1.1405,1
Streptomyces sp. NRRL S-1314,NZ_JOHU01000037.1,25150,27808,1.1405,1
Streptomyces sp. NPDC018964,NZ_JBIRYZ010000003.1,289454,292067,1.1405,1
Streptomyces sp. NPDC018955,NZ_JBIRZC010000008.1,82216,84829,1.1405,1
Streptomyces sp. S-9,NZ_JAFDML010000115.1,26468,29126,1.1405,1
Streptomyces sp. NPDC005908,NZ_JBEXVW010000007.1,273611,276269,1.1404,1
Streptomyces sp. NPDC102359,NZ_JBIWLH010000003.1,28052,30710,1.1404,1
Streptomyces sp. NPDC057092,NZ_JBHUTS010000001.1,8877,11535,1.1403,1
Streptomyces sp. E1N211,NZ_RAII01000001.1,2248436,2251094,1.1402,1
Streptomyces sp. ETH9427,CP029624.1,18674,21332,1.1402,1
Streptomyces sp. ETH9427,CP029624.1,7724025,7726683,1.1402,1
Streptomyces sp. NRRL F-5527,NZ_JOHL01000040.1,36789,39447,1.1402,1
Streptomyces sp. Z38,NZ_WPIR01000067.1,15694,18352,1.1402,1
Streptomyces sp. HNS054,NZ_LDZX01000018.1,95618,98276,1.1401,1
Streptomyces sp. R02,NZ_CP163429.1,177510,180168,1.1401,1
Streptomyces sp. MMS20-AI2-20,NZ_JALDSV010000001.1,6251082,6253740,1.1400,1
Streptomyces sp. I4(2020),NZ_JACJDI010000004.1,159649,162307,1.1400,1
Streptomyces sp. RK31,NZ_JAGPYC010000033.1,24826,27484,1.1400,1
Streptomyces sp. CSMPJR101,NZ_JBJDRD010000009.1,7845,10503,1.1400,1
Streptomyces sp. E2N171,NZ_RAIH01000643.1,7220,9878,1.1399,1
Streptomyces sp. TRM75561,NZ_JARWLV010000023.1,5788,8446,1.1398,1
Streptomyces sp. FW42,NZ_CP182295.1,7143555,7146213,1.1398,1
Streptomyces sp. PAM3C,NZ_JAHLXF010000022.1,6534,9192,1.1398,1
Streptomyces sp. NPDC046859,NZ_JBEYXR010000035.1,67540,70198,1.1398,1
Streptomyces sp. NPDC056628,NZ_JBHTWG010000056.1,13830,16488,1.1397,1
Streptomyces sp. NRRL S-37,NZ_JOIZ01000001.1,81337,83956,1.1397,1
Streptomyces sp. BJ20,NZ_CP094918.1,3705678,3708336,1.1397,1
Streptomyces sp. DH24,NZ_JARVKW010000004.1,257824,260461,1.1396,1
Streptomyces sp. NPDC000348,NZ_JBIAZD010000006.1,82023,84684,1.1394,1
Streptomyces sp. NPDC014676,NZ_JBIBZI010000017.1,82802,85463,1.1392,1
Streptomyces sp. NPDC051207,NZ_JBFBAX010000001.1,164655,167436,1.1388,1
Streptomyces sp. SLBN-134,NZ_VFOE01000001.1,838805,841460,1.1381,1
Streptomyces sp. PvP037,NZ_JBEPSS010000008.1,274954,277609,1.1380,1
Streptomyces sp. NPDC051051,NZ_JBFBCB010000003.1,140696,143336,1.1380,1
Streptomyces sp. PDY-4,NZ_JBISVE010000003.1,800446,803101,1.1379,1
Streptomyces sp. NA02536,NZ_CP054939.1,6731999,6734657,1.1378,1
Streptomyces sp. NPDC007904,NZ_JBIBKT010000021.1,70926,73503,1.1377,1
Streptomyces sp. NWU49,NZ_QFXB01000003.1,272758,275410,1.1367,1
Streptomyces sp. NPDC006147,NZ_JBEXTP010000045.1,39943,42601,1.1367,1
Streptomyces sp. NPDC102351,NZ_JBIWLL010000009.1,261105,263763,1.1367,1
Streptomyces sp. NPDC088766,NZ_JBIVKQ010000008.1,176162,178814,1.1365,1
Streptomyces sp. HUCO-GS316,WUNA01000020.1,116300,119048,1.1365,1
Streptomyces sp. HUCO-GS316,NZ_WUNA01000020.1,116378,119048,1.1342,1
Streptomyces sp. NPDC101213,NZ_JBIWOM010000020.1,37259,39965,1.1361,1
Streptomyces sp. CRN 30,NZ_JAVRHI010000257.1,5203,7939,1.1356,1
Streptomyces sp. NPDC023723,NZ_JBFAAP010000033.1,10164,12876,1.1353,1
Streptomyces sp. NPDC014882,NZ_JBIBWL010000006.1,131852,134507,1.1352,1
Streptomyces sp. NPDC090994,NZ_JBIVWS010000018.1,111683,114335,1.1352,1
Streptomyces sp. NPDC057052,NZ_JBHUSV010000331.1,231,2901,1.1349,1
Streptomyces sp. NPDC005931,NZ_JBIAIG010000007.1,13254,15861,1.1347,1
Streptomyces sp. NPDC056296,NZ_JBHJRX010000034.1,67445,70160,1.1344,1
Streptomyces sp. NPDC048737,NZ_JBEZGV010000017.1,69029,71735,1.1340,1
Streptomyces sp. NPDC048734,NZ_JBICUZ010000006.1,230591,233297,1.1340,1
Streptomyces sp. NPDC056405,NZ_JBHJPD010000170.1,192,2811,1.1334,1
Streptomyces sp. ISL-12,NZ_JAGGOO010000054.1,28570,31222,1.1329,1
Streptomyces sp.,JACIXF010000263.1,5393,8054,1.1328,1
Streptomyces sp. B93,NZ_JAGPXL010000057.1,25758,28419,1.1324,1
Streptomyces sp. NPDC096048,NZ_JBIWGG010000010.1,410951,413675,1.1323,1
Streptomyces sp. NPDC096094,NZ_JBIWGE010000011.1,25488,28212,1.1320,1
Streptomyces sp. NPDC052013,NZ_JBIUBY010000062.1,14371,16993,1.1315,1
Streptomyces sp. NPDC058834,NZ_JBHYNJ010000079.1,34819,37438,1.1308,1
Streptomyces sp. NPDC058812,NZ_JBHYOB010000024.1,226,2845,1.1308,1
Streptomyces sp. NPDC097107,NZ_JBIWEF010000009.1,184608,187227,1.1306,1
Streptomyces sp. E2N166,NZ_RAIF01000032.1,1847450,1850069,1.1301,1
Streptomyces sp. BB1-1-1,NZ_CP134203.1,8109590,8112209,1.1299,1
Streptomyces sp. CCNWLW230,NZ_JBBCBX010000021.1,28319,30938,1.1297,1
Streptomyces sp. CCNWLW237,NZ_JBBCBY010000022.1,73851,76470,1.1297,1
Streptomyces sp. CCNWLW238,NZ_JBBCBZ010000025.1,73851,76470,1.1297,1
Streptomyces sp. NPDC057780,NZ_JBHVKQ010000043.1,54928,57547,1.1296,1
Streptomyces sp. NPDC057781,NZ_JBHVKR010000046.1,54873,57492,1.1296,1
Streptomyces sp. NPDC052012,NZ_JBFAXA010000026.1,51595,54217,1.1296,1
Streptomyces sp. NPDC058818,NZ_JBHYNW010000041.1,26261,28880,1.1295,1
Streptomyces sp. SID5910,NZ_WWHX01000744.1,1173,3789,1.1291,1
Streptomyces sp. 15-116A,NZ_JAOCQE010000109.1,7019,9680,1.1291,1
Streptomyces sp. DH17,JARVKX010000001.1,107809,110392,1.1287,1
Streptomyces sp. NPDC006997,NZ_JBEYHH010000044.1,17084,19727,1.1286,1
Streptomyces sp. AC602_WCS936,NZ_JAGMUF010000066.1,35693,38276,1.1286,1
Streptomyces sp. MA25(2023),NZ_JAUEPC010000007.1,94528,97111,1.1285,1
Streptomyces sp. DSM 42143,NZ_JAUSVD010000001.1,144773,147356,1.1285,1
Streptomyces sp. NPDC057336,NZ_JBHVAC010000018.1,13293,15876,1.1283,1
Streptomyces sp. CRB46,NZ_JACTMC010000005.1,32263,34846,1.1282,1
Streptomyces sp. 4F,NACY01000819.1,1701,4284,1.1282,1
Streptomyces sp. NPDC057381,NZ_JBHVBF010000002.1,68787,71370,1.1282,1
Streptomyces sp. CB02414,NZ_LIPF01000004.1,568690,571273,1.1282,1
Streptomyces sp. WAC08401,NZ_RPRV01000001.1,1082309,1084892,1.1282,1
Streptomyces sp. WAC08452,NZ_RPRW01000002.1,394869,397452,1.1281,1
Streptomyces sp. ZSW22,NZ_JAUEPA010000019.1,53763,56346,1.1281,1
Streptomyces sp. MBT28,NZ_LARV01000428.1,68527,71110,1.1281,1
Streptomyces sp. NPDC053750,NZ_JBITXB010000031.1,24739,27322,1.1281,1
Streptomyces sp. WAC04189,NZ_RPRT01000002.1,429369,431952,1.1280,1
Streptomyces sp. NPDC018322,NZ_JBIREU010000012.1,83488,86071,1.1280,1
Streptomyces sp. NPDC018321,NZ_JBIREV010000011.1,197738,200321,1.1280,1
Streptomyces sp. NRRL WC-3795,NZ_JOCG01000002.1,82273,84856,1.1280,1
Streptomyces sp. WAC05458,NZ_RPRU01000009.1,176372,178955,1.1280,1
Streptomyces sp. SS52,NZ_CP039123.1,7897552,7900135,1.1277,1
Streptomyces sp. NPDC057367,NZ_JBHVAT010000004.1,110569,113152,1.1276,1
Streptomyces sp. NPDC017260,NZ_JBIRMN010000002.1,722888,725495,1.1276,1
Streptomyces sp. NPDC017259,NZ_JBIRMO010000002.1,94762,97369,1.1276,1
Streptomyces sp. NPDC017225,NZ_JBIRNE010000001.1,723485,726092,1.1276,1
Streptomyces sp. M92,NZ_CP101137.1,5458141,5460724,1.1276,1
Streptomyces sp. NPDC000351,NZ_JBEPDW010000011.1,193330,195949,1.1275,1
Streptomyces sp. NPDC045251,NZ_JBEZAS010000007.1,239709,242292,1.1273,1
Streptomyces sp. NPDC029519,NZ_JBEZWF010000002.1,146204,148787,1.1273,1
Streptomyces sp. NPDC057148,NZ_JBHUVF010000023.1,81082,83665,1.1271,1
Streptomyces sp. NPDC127164,NZ_JBHXUL010000117.1,23039,25622,1.1271,1
Streptomyces sp. NPDC058847,NZ_JBHYNA010000063.1,2131,4714,1.1271,1
Streptomyces sp. NPDC058848,NZ_JBHYMZ010000016.1,23208,25791,1.1269,1
Streptomyces sp. NPDC058832,NZ_JBHYNL010000017.1,25356,27939,1.1269,1
Streptomyces sp. NPDC058830,NZ_JBHYNN010000004.1,151061,153644,1.1269,1
Streptomyces sp. NPDC058829,NZ_JBHYNO010000007.1,66361,68944,1.1269,1
Streptomyces sp. NPDC058828,NZ_JBHYNP010000009.1,151102,153685,1.1269,1
Streptomyces sp. NPDC058826,NZ_JBHYNR010000001.1,151102,153685,1.1269,1
Streptomyces sp. NPDC058825,NZ_JBHYNS010000001.1,151279,153862,1.1269,1
Streptomyces sp. NPDC058807,NZ_JBHYOG010000008.1,151293,153876,1.1269,1
Streptomyces sp. NPDC058796,NZ_JBHYOP010000010.1,220609,223192,1.1269,1
Streptomyces sp. NPDC058794,NZ_JBHYOR010000001.1,183980,186563,1.1269,1
Streptomyces sp. NPDC058793,NZ_JBHYOS010000006.1,151293,153876,1.1269,1
Streptomyces sp. BK79,NZ_JBHVOC010000005.1,234268,236959,1.1266,1
Streptomyces sp. AC627_RSS907,NZ_JAGMUE010000280.1,82916,85535,1.1263,1
Streptomyces sp. NPDC032940,NZ_JBEZVJ010000007.1,227747,230375,1.1262,1
Streptomyces sp. NPDC044948,NZ_JBEZBI010000388.1,0,2305,1.1253,1
Streptomyces sp. NPDC005805,NZ_JBEXXN010000041.1,34467,37119,1.1219,1
Streptomyces coelicolor M1154/pAMX4,NZ_JAATOK010000002.1,178430,181145,1.1786,1
Streptomyces coelicolor A3(2) R4-mCherry-14,NZ_VNIC01000002.1,351564,354279,1.1786,1
Streptomyces coelicolor A3(2) R4-mCherry-15,NZ_VNIF01000002.1,173094,175809,1.1786,1
Streptomyces coelicolor A3(2) R4-mCherry-17,NZ_VNIG01000002.1,351564,354279,1.1786,1
Streptomyces coelicolor A3(2) R4-mCherry-18,NZ_VNIH01000002.1,351564,354279,1.1786,1
Streptomyces coelicolor M1154/pAMX4/pGP1416,CP050522.1,7356701,7359416,1.1786,1
Streptomyces coelicolor,CP133591.1,7010563,7013278,1.1786,1
Streptomyces coelicolor M22,CP133590.1,7420947,7423662,1.1786,1
Streptomyces coelicolor M1152,CP181172.1,7263039,7265754,1.1786,1
Streptomyces coelicolor JCM 4020,AP025454.1,7542376,7545091,1.1779,1
Streptomyces coelicolor CAI-140,JAANOB010000030.1,25199,27857,1.1397,1
Streptomyces anthocyanicus NPDC020086,NZ_JBEXZZ010000002.1,64209,66924,1.1786,1
Streptomyces anthocyanicus NPDC020081,NZ_JBEYAA010000001.1,351564,354279,1.1786,1
Streptomyces anthocyanicus NPDC006946,NZ_JBEYIB010000029.1,61436,64151,1.1783,1
Streptomyces anthocyanicus NPDC006945,NZ_JBIAFY010000005.1,61838,64553,1.1783,1
Streptomyces anthocyanicus IPS92w,NZ_JAPFQR010000021.1,63486,66201,1.1782,1
Streptomyces anthocyanicus NBC_00116,NZ_CP108200.1,7206865,7209580,1.1779,1
Streptomyces anthocyanicus NPDC048675,NZ_JBEZHF010000003.1,421817,424532,1.1779,1
Streptomyces anthocyanicus NPDC057076,NZ_JBHUTJ010000068.1,23415,26130,1.1778,1
Streptomyces anthocyanicus NPDC006591,NZ_JBIAHH010000005.1,528090,530805,1.1778,1
Streptomyces anthocyanicus NPDC057113,NZ_JBHUUJ010000001.1,373352,376067,1.1778,1
Streptomyces anthocyanicus NPDC057145,NZ_JBHUVC010000002.1,115855,118570,1.1778,1
Streptomyces anthocyanicus NPDC058696,NZ_JBHXST010000001.1,470753,473468,1.1778,1
Streptomyces anthocyanicus NPDC059397,NZ_JBHYWQ010000001.1,711782,714497,1.1778,1
Streptomyces anthocyanicus NPDC005207,NZ_JBJDQS010000009.1,102272,104987,1.1777,1
Streptomyces anthocyanicus JCM 3037,NZ_BMPR01000027.1,23105,25820,1.1771,1
Streptomyces anthocyanicus NPDC057436,NZ_JBHVDB010000036.1,23659,26374,1.1771,1
Streptomyces anthocyanicus NPDC000667,NZ_JBIAYQ010000003.1,61472,64187,1.1771,1
Streptomyces anthocyanicus NBC 01777,NZ_CP109102.1,1131563,1134278,1.1769,1
Streptomyces anthocyanicus NBC_01372,NZ_CP109571.1,1095623,1098338,1.1767,1
Streptomyces anthocyanicus NBC 01636,NZ_CP109275.1,1230052,1232749,1.1765,1
Streptomyces anthocyanicus NPDC052222,NZ_JBFAVF010000002.1,509295,511992,1.1765,1
Streptomyces anthocyanicus NPDC050019,NZ_JBITKF010000002.1,63766,66463,1.1765,1
Streptomyces anthocyanicus JCM 4739,NZ_BMVQ01000005.1,392696,395393,1.1763,1
Streptomyces anthocyanicus JCM 5058,NZ_BMWI01000025.1,61450,64147,1.1763,1
Streptomyces anthocyanicus NBC 01662,NZ_CP109242.1,1343220,1345917,1.1763,1
Streptomyces anthocyanicus NPDC003196,NZ_JBEXNH010000001.1,126336,129033,1.1763,1
Streptomyces anthocyanicus NPDC048681,NZ_JBEZHC010000044.1,16048,18745,1.1763,1
Streptomyces anthocyanicus NBC 01668,CP109228.1,7343530,7346227,1.1763,1
Streptomyces anthocyanicus NPDC060051,NZ_JBHWVX010000005.1,68363,71060,1.1761,1
Streptomyces anthocyanicus NPDC060099,NZ_JBHWXH010000024.1,62656,65353,1.1761,1
Streptomyces anthocyanicus NPDC060100,NZ_JBHWXI010000033.1,23306,26003,1.1761,1
Streptomyces anthocyanicus NPDC060102,NZ_JBHWXJ010000089.1,182,2879,1.1761,1
Streptomyces anthocyanicus NPDC060103,NZ_JBHWXK010000031.1,23659,26356,1.1761,1
Streptomyces anthocyanicus NPDC060105,NZ_JBHWXL010000035.1,23659,26356,1.1761,1
Streptomyces anthocyanicus NPDC060106,NZ_JBHWXM010000006.1,62656,65353,1.1761,1
Streptomyces anthocyanicus NPDC012316,NZ_JBIBFD010000004.1,376136,378833,1.1759,1
Streptomyces anthocyanicus NPDC012293,NZ_JBIBFF010000004.1,370544,373241,1.1759,1
Streptomyces anthocyanicus NBC 01687,NZ_CP109205.1,1108506,1111203,1.1759,1
Streptomyces anthocyanicus NPDC086515,NZ_JBIVBU010000003.1,370934,373631,1.1759,1
Streptomyces anthocyanicus NPDC096390,NZ_JBIWFA010000017.1,127356,130053,1.1754,1
Streptomyces anthocyanicus NPDC088223,NZ_JBIUSB010000004.1,438063,440742,1.1748,1
Streptomyces anthocyanicus NPDC005018,NZ_JBEXIZ010000003.1,377158,379837,1.1747,1
Streptomyces anthocyanicus NPDC127065,NZ_JBHXEK010000003.1,373461,376104,1.1722,1
Streptomyces violaceoruber NRRL S-12,NZ_JOCE01000031.1,23305,26020,1.1783,1
Streptomyces violaceoruber CGMCC 4.1801,NZ_CP137734.1,1079594,1082309,1.1779,1
Streptomyces violaceoruber JCM 4423,BAABGV010000141.1,14577,17292,1.1770,1
Streptomyces violaceolatus JCM 4531,NZ_BAAASK010000034.1,62031,64746,1.1779,1
Streptomyces lividans 1326,NZ_CM001889.1,7399276,7401991,1.1779,1
Streptomyces lividans TK24,NZ_CP009124.1,1122998,1125713,1.1779,1
Streptomyces lividans TK23,AP025539.1,7191977,7194692,1.1779,1
Streptomyces lividans TK24 DG2-P41,CP071123.1,1129958,1132673,1.1779,1
Streptomyces lividans TK24-YQS040,CP071800.1,1128650,1131365,1.1779,1
Streptomyces rubrogriseus NPDC058346,NZ_JBHXIH010000003.1,120687,123408,1.1720,1
Streptomyces rubrogriseus NPDC018032,NZ_JBIRFS010000007.1,427531,430252,1.1720,1
Streptomyces rubrogriseus NPDC014811,NZ_JBIBXB010000029.1,27412,30133,1.1718,1
Streptomyces rubrogriseus NBRC 15455,NZ_BEWD01000001.1,410231,412952,1.1711,1
Streptomyces rubrogriseus NPDC090058,NZ_JBIVEP010000046.1,19092,21777,1.1709,1
Streptomyces rubrogriseus NPDC059658,NZ_JBHWEC010000007.1,370881,373638,1.1705,1
Streptomyces rubrogriseus NPDC085456,NZ_JBITTP010000013.1,225099,227796,1.1703,1
Streptomyces tendae NPDC047797,NZ_JBEYSE010000013.1,159494,162224,1.1712,1
Streptomyces tendae NPDC013796,NZ_JBICBD010000019.1,142696,145462,1.1707,1
Streptomyces tendae NPDC048075,NZ_JBIDBF010000009.1,321217,323983,1.1707,1
Streptomyces tendae NPDC057553,NZ_JBHVFK010000147.1,200,2966,1.1707,1
Streptomyces tendae NPDC048071,NZ_JBEZNE010000014.1,201907,204628,1.1706,1
Streptomyces tendae NPDC058950,NZ_JBHYKQ010000002.1,221636,224384,1.1706,1
Streptomyces tendae NPDC058749,NZ_JBHYQA010000024.1,26384,29132,1.1706,1
Streptomyces tendae NPDC059843,NZ_JBHWJC010000058.1,23236,25969,1.1706,1
Streptomyces tendae NPDC087198,NZ_JBIUZH010000004.1,179901,182667,1.1705,1
Streptomyces tendae NPDC047796,NZ_JBEYSF010000029.1,103678,106444,1.1705,1
Streptomyces tendae NPDC048598,NZ_JBEZID010000001.1,11101,13828,1.1704,1
Streptomyces tendae NPDC087193,NZ_JBIUZI010000001.1,293698,296446,1.1704,1
Streptomyces tendae NPDC003948,NZ_JBIANF010000005.1,268041,270789,1.1702,1
Streptomyces tendae NPDC092921,NZ_JBIVPV010000001.1,279505,282208,1.1698,1
Streptomyces tendae NPDC049647,NZ_JBITLT010000002.1,335289,338019,1.1696,1
Streptomyces tendae NPDC057753,NZ_JBHVKB010000004.1,287795,290510,1.1696,1
Streptomyces tendae JCM 4610,NZ_BMUY01000011.1,225462,228153,1.1694,1
Streptomyces tendae NPDC057734,NZ_JBHVJS010000003.1,420486,423201,1.1694,1
Streptomyces tendae NPDC048238,NZ_JBICZQ010000004.1,268158,270852,1.1694,1
Streptomyces tendae NPDC052220,NZ_JBFAVG010000022.1,26421,29124,1.1693,1
Streptomyces tendae NPDC058332,NZ_JBHXHU010000001.1,413568,416265,1.1693,1
Streptomyces tendae NPDC058356,NZ_JBHXIR010000018.1,169473,172170,1.1693,1
Streptomyces tendae NPDC058359,NZ_JBHXIU010000010.1,58495,61192,1.1693,1
Streptomyces tendae NPDC048237,NZ_JBICZR010000002.1,652115,654809,1.1693,1
Streptomyces tendae NPDC058331,NZ_JBHXHT010000022.1,23280,25977,1.1690,1
Streptomyces tendae NPDC058343,NZ_JBHXIE010000001.1,190695,193392,1.1688,1
Streptomyces tendae NPDC003773,NZ_JBIANU010000007.1,494598,497295,1.1688,1
Streptomyces tendae NPDC006280,NZ_JBEXSB010000013.1,114556,117253,1.1687,1
Streptomyces tendae NPDC004691,NZ_JBEXJW010000012.1,183937,186634,1.1686,1
Streptomyces tendae NPDC004678,NZ_JBEXJY010000039.1,27339,30036,1.1686,1
Streptomyces tendae NPDC003747,NZ_JBIANV010000002.1,492225,494883,1.1674,1
Streptomyces tendae NPDC003830,NZ_JBIANO010000005.1,362875,365515,1.1670,1
Streptomyces tendae NPDC004977,NZ_JBEXJE010000001.1,569529,572169,1.1667,1
Streptomyces tendae NPDC018039,NZ_JBIRFN010000003.1,465304,467944,1.1665,1
Streptomyces tendae NPDC018027,NZ_JBIRFX010000003.1,277085,279725,1.1665,1
Streptomyces tendae NPDC018015,NZ_JBIRGG010000007.1,277085,279725,1.1665,1
Streptomyces tendae NPDC001029,NZ_JBIAYI010000001.1,1160460,1163100,1.1664,1
Streptomyces tendae NPDC001382,NZ_JBEPAR010000015.1,26726,29366,1.1664,1
Streptomyces tendae CALK1-4,NZ_JBIQWK010000016.1,26485,29125,1.1664,1
Streptomyces tendae VITAKN,NZ_JAAIFS010000001.1,538460,541100,1.1659,1
Streptomyces tendae NPDC003768,NZ_JBEXMU010000047.1,26392,29032,1.1659,1
Streptomyces tendae NPDC101120,NZ_JBIVZF010000001.1,562503,565218,1.1629,1
Streptomyces tendae NPDC003786,NZ_JBIANS010000001.1,494866,497581,1.1626,1
Streptomyces tendae NPDC052110,NZ_JBFAWE010000001.1,202004,204719,1.1624,1
Streptomyces tendae NPDC059847,NZ_JBHWJF010000024.1,19145,21842,1.1622,1
Streptomyces tendae NPDC048226,NZ_JBICZZ010000004.1,66560,69257,1.1618,1
Streptomyces tendae UTMC 3329,NZ_RSEG01000006.1,284190,286905,1.1613,1
Streptomyces tendae NPDC048173,NZ_JBEZMQ010000005.1,497641,500377,1.1602,1
Streptomyces tendae NPDC048183,NZ_JBIDAP010000003.1,276244,278980,1.1587,1
Streptomyces tendae NPDC048588,NZ_JBICWD010000045.1,11163,13893,1.1584,1
Streptomyces tendae 139,NZ_CP043959.1,4167604,4170262,1.1402,1
Streptomyces coelicoflavus NPDC058541,NZ_JBHXOB010000003.1,78002,80699,1.1519,1
Streptomyces coelicoflavus NPDC056535,NZ_JBHTTY010000014.1,247,2992,1.1515,1
Streptomyces coelicoflavus S3018,NZ_JASDBW010000005.1,303759,306456,1.1515,1
Streptomyces coelicoflavus NBC_00099,NZ_CP108218.1,938815,941512,1.1515,1
Streptomyces coelicoflavus NBC_00465,NZ_JAPENQ010000002.1,964726,967423,1.1515,1
Streptomyces coelicoflavus NPDC059677,NZ_JBHWEQ010000016.1,115379,118076,1.1514,1
Streptomyces coelicoflavus NPDC056610,NZ_JBHTVU010000005.1,120749,123470,1.1510,1
Streptomyces coelicoflavus NPDC060121,NZ_JBFBNC010000001.1,589469,592166,1.1510,1
Streptomyces coelicoflavus NPDC057274,NZ_JBHUYM010000045.1,61230,63927,1.1510,1
Streptomyces coelicoflavus NPDC060156,NZ_JBHWYF010000021.1,302,2999,1.1510,1
Streptomyces coelicoflavus NPDC060157,NZ_JBHWYG010000007.1,226339,229036,1.1510,1
Streptomyces coelicoflavus NPDC059415,NZ_JBHYWE010000011.1,119397,122094,1.1510,1
Streptomyces coelicoflavus NPDC059661,NZ_JBHWEE010000002.1,641427,644124,1.1509,1
Streptomyces coelicoflavus NPDC056964,NZ_JBHURH010000053.1,141,2862,1.1505,1
Streptomyces coelicoflavus DBR11,NZ_JAMOLO010000045.1,28824,31611,1.1469,1
Streptomyces coelicoflavus LM32,NZ_JBAGKW010000059.1,12324,14949,1.1457,1
Streptomyces coelicoflavus NPDC059674,NZ_JBHWEO010000344.1,2566,4866,1.1279,1
Streptomyces ardesiacus NPDC059739,NZ_JBHWGO010000004.1,84076,86818,1.1494,1
Streptomyces ardesiacus NPDC057174,NZ_JBHUVW010000068.1,9099,11841,1.1486,1
Streptomyces ardesiacus NPDC006376,NZ_JBEXQH010000005.1,191437,194176,1.1484,1
Streptomyces ardesiacus NPDC012537,NZ_JBIBEH010000001.1,351728,354470,1.1484,1
Streptomyces ardesiacus NPDC059588,NZ_JBHWCG010000011.1,92810,95552,1.1484,1
Streptomyces ardesiacus NBRC 15402,NZ_BEWC01000001.1,474295,477034,1.1483,1
Streptomyces ardesiacus NPDC093072,NZ_JBIVPG010000005.1,92598,95340,1.1483,1
Streptomyces ardesiacus NPDC006166,NZ_JBEXTN010000004.1,158335,161077,1.1481,1
Streptomyces ardesiacus NPDC094450,NZ_JBEOTR010000018.1,16040,18782,1.1481,1
Streptomyces ardesiacus NPDC093086,NZ_JBIVPC010000001.1,136946,139688,1.1481,1
Streptomyces ardesiacus IBSBF 3360,NZ_JAJSZE010000085.1,11132,13874,1.1480,1
Streptomyces ardesiacus NPDC007026,NZ_JBEYGW010000008.1,164838,167580,1.1478,1
Streptomyces ardesiacus NPDC127099,NZ_JBHXFK010000032.1,28490,31232,1.1477,1
Streptomyces ardesiacus NPDC093553,NZ_JBIWJE010000001.1,529870,532612,1.1477,1
Streptomyces ardesiacus 6G-OA-21,NZ_JAMHJP010000012.1,191930,194672,1.1475,1
Streptomyces salinarius VRMG2420,NZ_JBITPR010000020.1,21475,24244,1.1489,1
Streptomyces salinarius CS29,NZ_JAVCWJ010000010.1,14057,16850,1.1481,1
Streptomyces salinarius Lnu-12,NZ_JAXLNW010000003.1,354632,357425,1.1481,1
Streptomyces lienomycini DSM 41475,NZ_CP116257.1,2897063,2899859,1.1471,1
Streptomyces lienomycini JCM 6925,NZ_BAAATN010000021.1,21796,24427,1.1465,1
Streptomyces albaduncus CECT 3226,JACHJE010000006.1,470548,473245,1.1459,1
Streptomyces albaduncus CECT 3226,NZ_JACHJE010000006.1,470626,473245,1.1419,1
Streptomyces albaduncus JCM 4715,BMVH01000032.1,31595,34286,1.1454,1
Streptomyces albaduncus JCM 4715,NZ_BMVH01000032.1,31595,34214,1.1419,1
Streptomyces ambofaciens DSM 40697,NZ_CP012949.1,6610149,6612759,1.1446,1
Streptomyces ambofaciens ATCC 23877,NZ_CP012382.1,6827277,6829887,1.1444,1
Streptomyces caelestis NRRL B-24567,LGCN01000132.1,66387,69129,1.1444,1
Streptomyces caelestis NRRL B-24567,NZ_LGCN01000132.1,66387,69051,1.1407,1
Streptomyces caelestis NPDC059799,NZ_JBHWIF010000008.1,51898,54562,1.1410,1
Streptomyces caelestis NPDC059362,NZ_JBHYXI010000028.1,31880,34544,1.1410,1
Streptomyces caelestis NPDC085878,NZ_JBFBKA010000027.1,66874,69538,1.1407,1
Streptomyces caelestis NPDC014009,JBICAI010000009.1,66380,69044,1.1407,1
Streptomyces parvulus NPDC046875,NZ_JBEYXL010000001.1,511206,513816,1.1437,1
Streptomyces parvulus NPDC097689,NZ_JBEORZ010000010.1,22167,24777,1.1434,1
Streptomyces parvulus LP03,NZ_JAIWPL010000019.1,94361,96971,1.1434,1
Streptomyces parvulus 2297,QQBH01000022.1,139045,141733,1.1432,1
Streptomyces parvulus 2297,NZ_CP015866.1,6170163,6172773,1.1414,1
Streptomyces parvulus 2297,NZ_QQBH01000022.1,139045,141655,1.1391,1
Streptomyces parvulus A03,NZ_JAYMRR010000011.1,11499,14109,1.1419,1
Streptomyces parvulus NPDC005540,NZ_JBEXDJ010000040.1,22046,24656,1.1419,1
Streptomyces parvulus NPDC048617,NZ_JBEZHY010000021.1,22037,24647,1.1419,1
Streptomyces parvulus PBR36,NZ_JAMOLM010000021.1,2807,5417,1.1418,1
Streptomyces parvulus NPDC048234,NZ_JBICZT010000002.1,504699,507309,1.1418,1
Streptomyces parvulus NPDC059529,NZ_JBHYTH010000081.1,22512,25122,1.1417,1
Streptomyces parvulus NPDC059711,NZ_JBHWFT010000070.1,14096,16706,1.1417,1
Streptomyces parvulus NPDC003845,NZ_JBEXMS010000005.1,22146,24756,1.1416,1
Streptomyces parvulus NPDC003843,NZ_JBIANL010000001.1,988223,990833,1.1416,1
Streptomyces parvulus NPDC052119,NZ_JBFAVZ010000022.1,22299,24909,1.1416,1
Streptomyces parvulus NPDC052306,NZ_JBIUBC010000043.1,21807,24417,1.1415,1
Streptomyces parvulus NPDC004997,NZ_JBEXJC010000051.1,8579,11189,1.1415,1
Streptomyces parvulus NPDC048632,NZ_JBEZHT010000023.1,22274,24884,1.1415,1
Streptomyces parvulus JCM 4068,NZ_BMRX01000016.1,22677,25287,1.1414,1
Streptomyces parvulus NPDC003902,NZ_JBEXMQ010000052.1,48752,51362,1.1413,1
Streptomyces parvulus NPDC052163,NZ_JBFAVV010000055.1,22012,24622,1.1413,1
Streptomyces parvulus NPDC048712,NZ_JBEZGZ010000041.1,34769,37379,1.1412,1
Streptomyces parvulus NPDC088558,NZ_JBIVMB010000004.1,94325,96935,1.1412,1
Streptomyces parvulus SX6,NZ_JAJJMU010000026.1,99456,102066,1.1411,1
Streptomyces parvulus VCCM 22513,NZ_JAJVLA010000025.1,99453,102063,1.1411,1
Streptomyces parvulus NPDC059405,NZ_JBHYWK010000002.1,176391,179001,1.1395,1
Streptomyces parvulus NPDC088544,NZ_JBIVML010000015.1,11681,14291,1.1395,1
Streptomyces parvulus NPDC026661,NZ_JBEZXX010000008.1,239307,241917,1.1391,1
Streptomyces parvulus NPDC048620,NZ_JBEZHW010000004.1,10499,13109,1.1391,1
Streptomyces parvulus NPDC059536,NZ_JBHWAS010000035.1,56315,58925,1.1391,1
Streptomyces parvulus NPDC051472,NZ_JBITEA010000007.1,442363,444973,1.1390,1
Streptomyces parvulus NPDC008063,NZ_JBIBID010000001.1,509548,512158,1.1389,1
Streptomyces parvulus NPDC014887,NZ_JBIBWI010000002.1,1219725,1222335,1.1370,1
Streptomyces atrovirens JCM 6913,NZ_BAAATG010000011.1,348081,350760,1.1431,1
Streptomyces atrovirens CGMCC 4.1595,NZ_JBHSKN010000027.1,229921,232600,1.1431,1
Streptomyces pimonensis TRM75549,NZ_JAHWZY010000006.1,58388,61094,1.1427,1
Streptomyces griseoloalbus NPDC005564,NZ_JBEXDC010000022.1,49147,51766,1.1425,1
Streptomyces griseoloalbus JCM 4480,NZ_BMUD01000023.1,35351,37970,1.1420,1
Streptomyces griseoloalbus NPDC048274,NZ_JBEZLS010000029.1,35441,38033,1.1403,1
Streptomyces griseorubens 32638_91863,NZ_JBGGHM010000784.1,17897,20555,1.1415,1
Streptomyces marokkonensis NPDC058328,NZ_JBHVZQ010000034.1,16721,19391,1.1411,1
Streptomyces marokkonensis OANH409,NZ_VSKS01000020.1,86249,88919,1.1409,1
Streptomyces griseoflavus NPDC003189,NZ_JBEXNJ010000028.1,37021,39682,1.1407,1
Streptomyces griseoflavus NPDC003195,NZ_JBEXNI010000016.1,27085,29746,1.1405,1
Streptomyces griseoflavus NPDC101220,NZ_JBIWOJ010000001.1,258743,261404,1.1404,1
Streptomyces griseoflavus JCM 4479,NZ_BMUC01000023.1,48467,51128,1.1403,1
Streptomyces griseoflavus NPDC007022,NZ_JBEYGY010000010.1,62852,65513,1.1403,1
Streptomyces heliomycini JCM 9767,NZ_JBHMDI010000022.1,66444,69108,1.1407,1
Streptomyces phaeoluteigriseus Qhu-M197,NZ_CP099468.1,3754456,3757069,1.1407,1
Streptomyces phaeoluteigriseus NPDC057469,NZ_JBHVDU010000018.1,226,2893,1.1406,1
Streptomyces pseudogriseolus NPDC012493,JBEYKN010000028.1,33343,36001,1.1405,1
Streptomyces pseudogriseolus NPDC020761,JBFAFT010000029.1,18610,21268,1.1400,1
Streptomyces pseudogriseolus N92,NZ_WQLQ01000041.1,31010,33668,1.1400,1
Streptomyces pseudogriseolus FS94,NZ_WQLT01000039.1,30686,33344,1.1400,1
Streptomyces rubiginosus JCM 4416,NZ_BMTX01000031.1,26570,29228,1.1403,1
Streptomyces gancidicus BKS 13-15,NZ_AOHP01000025.1,4655,7313,1.1403,1
Streptomyces gancidicus JCM 4171,BMSH01000022.1,56158,58816,1.1402,1
Streptomyces albogriseolus NPDC004583,NZ_JBEXLG010000023.1,6278,8936,1.1402,1
Streptomyces griseoincarnatus RB7AG,NZ_JAMQBH010000029.1,5813,8471,1.1401,1
Streptomyces griseoincarnatus HNS054,CP139576.1,7424691,7427349,1.1401,1
Streptomyces griseoincarnatus NPDC057425,JBHVCQ010000020.1,39123,41781,1.1400,1
Streptomyces griseoincarnatus NPDC057351,JBHVAJ010000161.1,9549,12207,1.1399,1
Streptomyces griseoincarnatus NPDC057108,JBHUUF010000014.1,13779,16437,1.1398,1
Streptomyces griseoincarnatus NPDC057104,JBHUUB010000058.1,13779,16437,1.1398,1
Streptomyces griseoincarnatus NPDC057111,JBHUUH010000046.1,35257,37915,1.1398,1
Streptomyces tunisiensis JCM 17589,NZ_BAABBU010000038.1,77306,79964,1.1401,1
Streptomyces bobili NPDC016689,NZ_JBIBQU010000006.1,501539,504149,1.1401,1
Streptomyces bobili NBC_00302,NZ_CP108038.1,424152,426843,1.1400,1
Streptomyces bobili GDT1,NZ_CP163427.1,4818867,4821540,1.1396,1
Streptomyces bobili NPDC020696,NZ_JBIRTU010000049.1,672,3363,1.1395,1
Kribbella sp. NPDC020789,JBJDQI010000013.1,90635,93293,1.1400,1
Streptomyces labedae JCM 9381,NZ_BAAAUW010000030.1,83901,86559,1.1400,1
Streptomyces griseomycini CECT 3273,JACHJI010000005.1,178806,181551,1.1400,1
Streptomyces griseomycini CECT 3273,NZ_JACHJI010000005.1,178806,181473,1.1368,1
Streptomyces griseomycini JCM 4382,BMTI01000006.1,200522,203267,1.1400,1
Streptomyces griseomycini JCM 4382,NZ_BMTI01000006.1,200600,203267,1.1368,1
Streptomyces griseomycini JCM 4385,BMTK01000007.1,194155,196891,1.1394,1
Streptomyces griseomycini JCM 4385,NZ_BMTK01000007.1,194224,196891,1.1368,1
Streptomyces griseomycini NPDC052024,NZ_JBFAWX010000011.1,110866,113533,1.1364,1
Streptomyces galilaeus JCM 4757,NZ_BMVS01000033.1,636,3309,1.1399,1
Streptomyces galilaeus ZRIMU5056,NZ_JBJVMW010000025.1,17069,19742,1.1396,1
Streptomyces galilaeus ZRIMU5050,NZ_JBJVMZ010000002.1,240328,243001,1.1396,1
Streptomyces galilaeus ZRIMU1601,NZ_JBJVND010000028.1,3357,6030,1.1396,1
Streptomyces galilaeus ZRIMU1585,NZ_JBJVNE010000043.1,16557,19230,1.1396,1
Streptomyces nigra NPDC001887,NZ_JBIATG010000013.1,8215,10873,1.1399,1
Streptomyces nigra NBC_00206,NZ_CP108125.1,7705148,7707806,1.1398,1
Streptomyces nigra NPDC091064,NZ_JBIVWL010000008.1,348898,351556,1.1398,1
Streptomyces nigra NPDC085717,NZ_JBITSR010000015.1,94425,97083,1.1397,1
Streptomyces nigra NPDC057392,NZ_JBHVBP010000031.1,9365,12023,1.1397,1
Streptomyces nigra NPDC051082,NZ_JBFBBV010000012.1,16117,18775,1.1397,1
Streptomyces nigra NPDC101136,NZ_JBIVYV010000002.1,14591,17249,1.1396,1
Streptomyces nigra NPDC090060,NZ_JBIVEO010000013.1,230620,233278,1.1395,1
Streptomyces nigra NPDC090061,NZ_JBJDMT010000003.1,43281,45939,1.1395,1
Streptomyces nigra NPDC047003,NZ_JBEYWB010000034.1,63640,66298,1.1393,1
Streptomyces nigra NPDC088545,NZ_JBIVMK010000009.1,8329,10987,1.1391,1
Streptomyces erythrogriseus JCM 9650,NZ_BAAAVA010000068.1,15270,17928,1.1399,1
Streptomyces pilosus NPDC015213,NZ_JBIBUL010000001.1,879378,882069,1.1395,1
Streptomyces pilosus JCM 4372,NZ_BMTE01000002.1,894339,897000,1.1390,1
Streptomyces pilosus NPDC057341,NZ_JBHVAF010000001.1,204768,207429,1.1390,1
Streptomyces pilosus NPDC127589,NZ_JBHXWF010000002.1,910190,912851,1.1389,1
Streptomyces pilosus NPDC058902,NZ_JBHYLQ010000058.1,20100,22761,1.1389,1
Streptomyces pilosus JCM 4403,NZ_BMTU01000009.1,264552,267213,1.1382,1
Streptomyces pilosus NPDC000683,NZ_JBEPCM010000009.1,248850,251511,1.1382,1
Streptomyces fungicidicus NPDC090038,NZ_JBIVFC010000002.1,889791,892440,1.1388,1
Streptomyces fungicidicus NPDC018025,NZ_JBIRFZ010000001.1,776070,778719,1.1388,1
Streptomyces fungicidicus NPDC101090,NZ_JBIVZO010000012.1,105191,107846,1.1381,1
Streptomyces fungicidicus NPDC028644,NZ_JBEZWW010000026.1,8347,11002,1.1379,1
Streptomyces fungicidicus NPDC000990,NZ_JBEPBK010000017.1,19555,22210,1.1379,1
Streptomyces fungicidicus NPDC058747,NZ_JBHYQC010000008.1,338082,340737,1.1379,1
Streptomyces fungicidicus NPDC020499,NZ_JBFAEM010000058.1,9893,12548,1.1378,1
Streptomyces fungicidicus NPDC058743,NZ_JBHYQG010000017.1,23480,26135,1.1378,1
Streptomyces fungicidicus NPDC008241,NZ_JBIBGI010000001.1,818252,820907,1.1378,1
Streptomyces fungicidicus NPDC020504,NZ_JBIRUW010000001.1,818563,821218,1.1378,1
Streptomyces fungicidicus NPDC020497,NZ_JBIRUX010000001.1,818252,820907,1.1378,1
Streptomyces fungicidicus NPDC020273,NZ_JBIRWP010000002.1,818392,821047,1.1378,1
Streptomyces fungicidicus NPDC020269,NZ_JBIRWR010000001.1,517800,520455,1.1378,1
Streptomyces fungicidicus NPDC020266,NZ_JBIRWS010000002.1,818592,821247,1.1378,1
Streptomyces fungicidicus NPDC020240,NZ_JBJDQJ010000008.1,25370,28025,1.1378,1
Streptomyces fungicidicus NPDC008722,NZ_JBJDQM010000006.1,114033,116688,1.1378,1
Streptomyces fungicidicus TXX3120,NZ_CP023408.1,127205,129863,1.1378,1
Streptomyces fungicidicus NPDC057089,NZ_JBHUTQ010000087.1,290,2945,1.1378,1
Streptomyces fungicidicus NPDC058800,NZ_JBHYON010000008.1,23399,26054,1.1378,1
Streptomyces fungicidicus NPDC058951,NZ_JBHYKP010000028.1,88665,91320,1.1377,1
Streptomyces fungicidicus NPDC060365,NZ_JBHXDB010000023.1,25104,27759,1.1377,1
Streptomyces fungicidicus NPDC004784,NZ_JBIALJ010000001.1,1133133,1135791,1.1374,1
Streptomyces toyocaensis NPDC021014,NZ_JBFADL010000003.1,130143,132813,1.1387,1
Streptomyces toyocaensis NRRL 15009,NZ_JFCB01000001.1,570917,573587,1.1387,1
Streptomyces luteolifulvus HIT-DPA4,VZRB01000055.1,30530,33278,1.1368,1
Streptomyces luteolifulvus HIT-DPA4,NZ_VZRB01000055.1,30530,33200,1.1342,1
Streptomyces viridosporus NPDC046723,NZ_JBEYYS010000026.1,83637,86289,1.1368,1
Streptomyces viridosporus ATCC 14672,NZ_DS999641.1,7276430,7279088,1.1367,1
Streptomyces viridosporus NPDC001821,NZ_JBEOYY010000031.1,83619,86271,1.1365,1
Streptomyces viridosporus NPDC001169,NZ_JBEPAY010000100.1,9322,11974,1.1365,1
Streptomyces viridosporus NPDC014866,NZ_JBIBWS010000006.1,90814,93466,1.1364,1
Streptomyces viridosporus T7A,NZ_JH993790.1,5509193,5511845,1.1361,1
Streptomyces viridosporus NRRL 2414,NZ_MSGP01000298.1,18384,20967,1.1325,1
Streptomyces viridosporus T7A ATCC 39115,NZ_CP023700.1,982804,985456,1.1361,1
Streptomyces malachitofuscus JCM 4493,BMUF01000006.1,384017,386624,1.1357,1
Streptomyces niveoruber JCM 4234,NZ_BMSL01000016.1,37811,40397,1.1355,1
Streptomyces griseoviridis JCM 4250,NZ_BMSM01000027.1,26451,29037,1.1355,1
Streptomyces griseoviridis DSM 40229,NZ_JAURUD010000001.1,6094165,6096751,1.1355,1
Streptomyces griseoviridis NPDC030835,NZ_JBEZVV010000015.1,37845,40431,1.1355,1
Streptomyces daghestanicus JCM 4365,NZ_BMTC01000017.1,64317,66903,1.1355,1
Streptomyces daghestanicus NBRC 12762,NZ_BNDX01000014.1,289700,292286,1.1355,1
Streptomyces prasinosporus JCM 4816,NZ_BAAAXF010000090.1,320583,323232,1.1342,1
Streptomyces pactum ACT12,NZ_CP019724.1,8152796,8155415,1.1322,1
Streptomyces anandii JCM 4720,NZ_BMVJ01000009.1,96088,98716,1.1320,1
Streptomyces thinghirensis JCM 18306,BAABJR010000033.1,21382,24070,1.1316,1
Streptomyces thinghirensis JCM 18306,NZ_BAABJR010000033.1,21382,24001,1.1299,1
Streptomyces flaveolus NPDC047111,NZ_JBEYUO010000008.1,68167,70786,1.1315,1
Streptomyces flaveolus JCM 4032,NZ_BMRV01000018.1,55258,57877,1.1308,1
Streptomyces flaveolus NPDC005910,NZ_JBEXVU010000015.1,77418,80037,1.1305,1
Streptomyces lancefieldiae DSM 40712,NZ_JAVRFH010000014.1,29210,31817,1.1288,1
Streptomyces mutabilis NPDC006342,NZ_JBEXQT010000027.1,59889,62472,1.1288,1
Streptomyces mutabilis NPDC058835,NZ_JBHYNI010000104.1,168,2751,1.1286,1
Streptomyces mutabilis NPDC058831,NZ_JBHYNM010000016.1,164335,166918,1.1286,1
Streptomyces mutabilis NPDC058841,NZ_JBHYNE010000004.1,127873,130456,1.1286,1
Streptomyces mutabilis NPDC017130,NZ_JBIROJ010000004.1,279304,281887,1.1285,1
Streptomyces mutabilis NPDC058836,NZ_JBHYNH010000049.1,57356,59939,1.1285,1
Streptomyces mutabilis NPDC058833,NZ_JBHYNK010000028.1,164,2747,1.1285,1
Streptomyces mutabilis NPDC058827,NZ_JBHYNQ010000001.1,311,2894,1.1285,1
Streptomyces mutabilis NPDC058824,NZ_JBHYNT010000055.1,220,2803,1.1285,1
Streptomyces mutabilis NPDC058816,NZ_JBHYNX010000002.1,221,2804,1.1285,1
Streptomyces mutabilis PU_KB6-10,NZ_JASHLU010000001.1,130596,133179,1.1285,1
Streptomyces mutabilis MPB24,NZ_CP176874.1,7668987,7671570,1.1285,1
Streptomyces mutabilis TRM 76172,NZ_JAMYEN010000200.1,53924,56507,1.1284,1
Streptomyces mutabilis TRM76172,JAMYEN010000200.1,53924,56507,1.1284,1
Streptomyces mutabilis TRM 45540,NZ_KN039948.1,69878,72461,1.1281,1
Streptomyces mutabilis NPDC058347,NZ_JBHXII010000031.1,59914,62497,1.1279,1
Streptomyces rochei NPDC057760,NZ_JBFBNK010000036.1,68744,71327,1.1282,1
Streptomyces rochei NPDC057766,NZ_JBHVKI010000029.1,203,2786,1.1282,1
Streptomyces rochei NPDC057768,NZ_JBHVKK010000200.1,180,2763,1.1282,1
Streptomyces rochei NPDC057803,NZ_JBHVLG010000008.1,57994,60577,1.1282,1
Streptomyces rochei NPDC058327,NZ_JBHVZP010000005.1,163752,166335,1.1282,1
Streptomyces rochei NPDC058349,NZ_JBHXIK010000040.1,241,2824,1.1282,1
Streptomyces rochei NPDC101106,NZ_JBIVZN010000008.1,343448,346031,1.1282,1
Streptomyces rochei NPDC057828,NZ_JBHVLV010000010.1,207133,209716,1.1282,1
Streptomyces rochei NPDC017484,NZ_JBIRKU010000003.1,753027,755610,1.1282,1
Streptomyces rochei MTOC-St3,NZ_JBIENY010000528.1,69333,71916,1.1281,1
Streptomyces rochei NPDC017502,NZ_JBIRKM010000001.1,238675,241258,1.1281,1
Streptomyces rochei NPDC057109,NZ_JBHUUG010000026.1,72950,75533,1.1281,1
Streptomyces rochei NPDC047745,NZ_JBEYSN010000016.1,47344,49927,1.1280,1
Streptomyces rochei NPDC013977,NZ_JBICAN010000010.1,200487,203070,1.1280,1
Streptomyces rochei NPDC020943,NZ_JBIRRJ010000003.1,381813,384396,1.1280,1
Streptomyces rochei NPDC018887,NZ_JBIRZG010000002.1,72233,74816,1.1280,1
Streptomyces rochei NPDC018789,NZ_JBIRZP010000008.1,72064,74647,1.1280,1
Streptomyces rochei NPDC018683,NZ_JBISAA010000009.1,72064,74647,1.1280,1
Streptomyces rochei NPDC018673,NZ_JBISAB010000009.1,72233,74816,1.1280,1
Streptomyces rochei JK1,NZ_CP121271.1,7839661,7842244,1.1280,1
Streptomyces rochei NPDC007838,NZ_JBIAEI010000001.1,77321,79904,1.1280,1
Streptomyces rochei NPDC024586,NZ_JBEZYQ010000009.1,338075,340658,1.1279,1
Streptomyces rochei NPDC053546,NZ_JBITXK010000011.1,174356,176939,1.1279,1
Streptomyces rochei NPDC006395,NZ_JBEXQE010000008.1,75638,78221,1.1279,1
Streptomyces rochei NPDC057343,NZ_JBHVAG010000001.1,182912,185492,1.1276,1
Streptomyces rochei NS1,NZ_JAJIRV010000001.1,385811,388394,1.1259,1
Streptomyces rochei NPDC048184,NZ_JBIDAO010000001.1,285392,287975,1.1259,1
Streptomyces rochei NPDC004652,NZ_JBEXKT010000010.1,295,2878,1.1258,1
Streptomyces sp. SudanB5_2050,NZ_OZ186760.1,7612443,7615026,1.1282,1
Streptomyces sp. SudanB91_2054,NZ_OZ186793.1,7756526,7759109,1.1280,1
Streptomyces naganishii JCM 4654,NZ_BMVF01000010.1,31365,33993,1.1268,1
Streptomyces naganishii NPDC059407,NZ_JBHYWJ010000061.1,31628,34256,1.1268,1
Streptomyces poriticola C6-003,NZ_JBAGKH010000024.1,236,2858,1.1226,1
