Organism,Scaffold,Start,End,Score,CAC01488.1,CAC01489.1,CAC01490.1
Streptomyces anthocyanicus JCM 4739,NZ_BMVQ01000001.1,1210263,1213129,5.1927,1,1,1
Streptomyces anthocyanicus JCM 4739,BMVQ01000001.1,1210185,1213129,5.1927,1,1,1
Streptomyces anthocyanicus NBC 01687,NZ_CP109205.1,7238698,7241564,5.1929,1,1,1
Streptomyces anthocyanicus NBC 01687,CP109205.1,7238698,7241642,5.1929,1,1,1
Streptomyces anthocyanicus NBC 01636,NZ_CP109275.1,7359288,7362154,5.1929,1,1,1
Streptomyces anthocyanicus NBC 01636,CP109275.1,7359288,7362232,5.1929,1,1,1
Streptomyces anthocyanicus NPDC057436,NZ_JBHVDB010000003.1,233141,236007,5.1927,1,1,1
Streptomyces anthocyanicus NPDC060051,NZ_JBHWVX010000001.1,1015707,1018573,5.1928,1,1,1
Streptomyces anthocyanicus NPDC060099,NZ_JBHWXH010000001.1,266645,269511,5.1928,1,1,1
Streptomyces anthocyanicus NPDC060100,NZ_JBHWXI010000001.1,266389,269255,5.1928,1,1,1
Streptomyces anthocyanicus NPDC060102,NZ_JBHWXJ010000001.1,70492,73358,5.1928,1,1,1
Streptomyces anthocyanicus NPDC060103,NZ_JBHWXK010000001.1,70492,73358,5.1928,1,1,1
Streptomyces anthocyanicus NPDC060105,NZ_JBHWXL010000002.1,32955,35821,5.1928,1,1,1
Streptomyces anthocyanicus NPDC060106,NZ_JBHWXM010000001.1,1015707,1018573,5.1928,1,1,1
Streptomyces anthocyanicus NPDC127065,NZ_JBHXEK010000008.1,70333,73199,5.1927,1,1,1
Streptomyces anthocyanicus NPDC058696,NZ_JBHXST010000003.1,582099,584965,5.1928,1,1,1
Streptomyces anthocyanicus NPDC059397,NZ_JBHYWQ010000003.1,70480,73346,5.1928,1,1,1
Streptomyces anthocyanicus NPDC006591,NZ_JBIAHH010000007.1,30439,33305,5.1929,1,1,1
Streptomyces anthocyanicus NPDC000667,NZ_JBIAYQ010000001.1,562859,565725,5.1927,1,1,1
Streptomyces anthocyanicus NPDC088223,NZ_JBIUSB010000011.1,47080,49946,5.1928,1,1,1
Streptomyces anthocyanicus JCM 3037,BMPR01000001.1,562827,565693,5.1925,1,1,1
Streptomyces anthocyanicus JCM 3037,NZ_BMPR01000001.1,562749,565693,5.1927,1,1,1
Streptomyces anthocyanicus NPDC000080,NZ_JBEPFK010000088.1,4269,7213,5.1927,1,1,1
Streptomyces anthocyanicus NPDC003196,NZ_JBEXNH010000011.1,130948,133892,5.1927,1,1,1
Streptomyces anthocyanicus NPDC020086,NZ_JBEXZZ010000008.1,216175,219119,5.1929,1,1,1
Streptomyces anthocyanicus NPDC020081,NZ_JBEYAA010000008.1,216175,219119,5.1929,1,1,1
Streptomyces anthocyanicus NPDC048681,NZ_JBEZHC010000008.1,70252,73196,5.1927,1,1,1
Streptomyces anthocyanicus NPDC052222,NZ_JBFAVF010000004.1,193460,196404,5.1929,1,1,1
Streptomyces anthocyanicus NBC 01668,CP109228.1,1439240,1442184,5.1925,1,1,1
Streptomyces anthocyanicus NPDC006945,NZ_JBIAFY010000016.1,88746,91612,5.1923,1,1,1
Streptomyces anthocyanicus NPDC012316,NZ_JBIBFD010000007.1,210540,213406,5.1924,1,1,1
Streptomyces anthocyanicus NPDC012293,NZ_JBIBFF010000007.1,210331,213197,5.1924,1,1,1
Streptomyces anthocyanicus NPDC050019,NZ_JBITKF010000008.1,215474,218340,5.1925,1,1,1
Streptomyces anthocyanicus NPDC005207,NZ_JBJDQS010000011.1,188429,191295,5.1922,1,1,1
Streptomyces anthocyanicus NPDC006946,NZ_JBEYIB010000010.1,70301,73245,5.1923,1,1,1
Streptomyces anthocyanicus NPDC048675,NZ_JBEZHF010000005.1,126263,129207,5.1925,1,1,1
Streptomyces anthocyanicus NPDC096390,NZ_JBIWFA010000012.1,117674,120540,5.1926,1,1,1
Streptomyces anthocyanicus IPS92w,JAPFQR010000025.1,70298,73242,5.1923,1,1,1
Streptomyces anthocyanicus IPS92w,NZ_JAPFQR010000025.1,70298,73164,5.1923,1,1,1
Streptomyces anthocyanicus NBC 01662,CP109242.1,7365807,7368751,5.1924,1,1,1
Streptomyces anthocyanicus NBC 01662,NZ_CP109242.1,7365807,7368673,5.1924,1,1,1
Streptomyces anthocyanicus NBC_00116,CP108200.1,1302176,1305120,5.1924,1,1,1
Streptomyces anthocyanicus NBC_00116,NZ_CP108200.1,1302254,1305120,5.1924,1,1,1
Streptomyces anthocyanicus NBC_01372,CP109571.1,7023342,7026286,5.1925,1,1,1
Streptomyces anthocyanicus NBC_01372,NZ_CP109571.1,7023342,7026208,5.1925,1,1,1
Streptomyces anthocyanicus NPDC057076,NZ_JBHUTJ010000001.1,32724,35590,5.1923,1,1,1
Streptomyces anthocyanicus NPDC057113,NZ_JBHUUJ010000002.1,383745,386611,5.1924,1,1,1
Streptomyces anthocyanicus NPDC057145,NZ_JBHUVC010000005.1,268493,271359,5.1924,1,1,1
Streptomyces anthocyanicus NPDC086515,NZ_JBIVBU010000015.1,43772,46638,5.1924,1,1,1
Streptomyces anthocyanicus JCM 5058,NZ_BMWI01000001.1,188412,191278,5.1921,1,1,1
Streptomyces anthocyanicus JCM 5058,BMWI01000001.1,188412,191356,5.1919,1,1,1
Streptomyces anthocyanicus NBC 01777,NZ_CP109102.1,7122415,7125281,5.1920,1,1,1
Streptomyces anthocyanicus NBC 01777,CP109102.1,7122415,7125359,5.1920,1,1,1
Streptomyces coelicolor M1154/pAMX4,NZ_JAATOK010000007.1,216291,219157,5.1929,1,1,1
Streptomyces coelicolor A3(2) R4-mCherry-14,NZ_VNIC01000006.1,188375,191241,5.1929,1,1,1
Streptomyces coelicolor A3(2) R4-mCherry-15,NZ_VNIF01000006.1,188375,191241,5.1929,1,1,1
Streptomyces coelicolor M1154/pAMX4/pGP1416,CP050522.1,1255977,1258843,5.1929,1,1,1
Streptomyces coelicolor A3(2) R4-mCherry-17,VNIG01000006.1,188375,191241,5.1929,1,1,1
Streptomyces coelicolor A3(2) R4-mCherry-17,NZ_VNIG01000006.1,188375,191319,5.1929,1,1,1
Streptomyces coelicolor A3(2) R4-mCherry-18,VNIH01000006.1,188375,191241,5.1929,1,1,1
Streptomyces coelicolor A3(2) R4-mCherry-18,NZ_VNIH01000006.1,188375,191319,5.1929,1,1,1
Streptomyces coelicolor,CP133591.1,868550,871416,5.1929,1,1,1
Streptomyces coelicolor M1152,CP181172.1,1277674,1280540,5.1929,1,1,1
Streptomyces coelicolor M22,CP133590.1,1277582,1280526,5.1929,1,1,1
Streptomyces coelicolor JCM 4020,AP025454.1,1402218,1405162,5.1923,1,1,1
Streptomyces sp. NRRL_B-16638,NZ_JARAWB010000002.1,151185,154051,5.1929,1,1,1
Streptomyces sp. NRRL_B-16638,JARAWB010000002.1,151185,154129,5.1929,1,1,1
Streptomyces sp. ME02-6987-2C,NZ_JARAXU010000007.1,10357,13223,5.1926,1,1,1
Streptomyces sp. ME02-6987-2C,JARAXU010000007.1,10279,13223,5.1926,1,1,1
Streptomyces sp. ME02-6985-2c,NZ_JARAXV010000005.1,193289,196155,5.1926,1,1,1
Streptomyces sp. ME02-6985-2c,JARAXV010000005.1,193289,196233,5.1926,1,1,1
Streptomyces sp. ME02-6979A,NZ_JARAXW010000009.1,46876,49742,5.1928,1,1,1
Streptomyces sp. ME02-6979A,JARAXW010000009.1,46876,49820,5.1928,1,1,1
Streptomyces sp. ME02-6977A,NZ_JARAYD010000129.1,10797,13663,5.1929,1,1,1
Streptomyces sp. ME02-6977A,JARAYD010000129.1,10797,13741,5.1929,1,1,1
Streptomyces sp. ME01-18h,NZ_JARAYG010000006.1,96202,99068,5.1925,1,1,1
Streptomyces sp. ME01-18h,JARAYG010000006.1,96202,99146,5.1925,1,1,1
Streptomyces sp. SID7813,WWHF01000001.1,1277624,1280490,5.1929,1,1,1
Streptomyces sp. SID7813,NZ_WWHF01000001.1,1277546,1280490,5.1929,1,1,1
Streptomyces sp. RB13,NZ_JAMQUP010000001.1,7148902,7151846,5.1929,1,1,1
Streptomyces sp. 2221.1,NZ_QUNN01000001.1,1329340,1332206,5.1924,1,1,1
Streptomyces sp. 2114.2,LT629768.1,1331777,1334643,5.1924,1,1,1
Streptomyces sp. 2114.2,NZ_LT629768.1,1331699,1334643,5.1924,1,1,1
Streptomyces sp. LRa12,SSBN01000048.1,20796,23662,5.1925,1,1,1
Streptomyces sp. LRa12,NZ_SSBN01000048.1,20718,23662,5.1925,1,1,1
Streptomyces sp. ISBFB 2968,NZ_JAJSYZ010000012.1,10272,13216,5.1925,1,1,1
Streptomyces sp. E5N91,NZ_RAIE01000745.1,11660,14604,5.1914,1,1,1
Streptomyces sp. 111WW2,NZ_MUYY01000042.1,46821,49765,5.1924,1,1,1
Streptomyces sp. 111WW2,MUYY01000042.1,46821,49687,5.1924,1,1,1
Streptomyces sp. ME03-5684b,JARAXO010000011.1,67281,70225,5.1922,1,1,1
Streptomyces sp. ME03-5684b,NZ_JARAXO010000011.1,67281,70147,5.1922,1,1,1
Streptomyces sp. RK76,NZ_JAGPYG010000005.1,323095,325961,5.1924,1,1,1
Streptomyces sp. WM6391,JXWX01000009.1,21015,23881,5.1921,1,1,1
Streptomyces sp. WM6391,NZ_JXWX01000009.1,20937,23881,5.1921,1,1,1
Streptomyces sp. NPDC006617,NZ_JBEXOO010000026.1,23523,26467,5.1897,1,1,1
Streptomyces sp. NPDC018026,NZ_JBIRFY010000008.1,217654,220598,5.1886,1,1,1
Streptomyces sp. NPDC021969,NZ_JBFACC010000004.1,515077,518021,5.1882,1,1,1
Streptomyces sp. NPDC021086,NZ_JBIRQL010000002.1,1513330,1516196,5.1882,1,1,1
Streptomyces sp. NPDC005549,NZ_JBEXKJ010000019.1,53231,56157,5.1874,1,1,1
Streptomyces sp. M1013,MQUH01000003.1,436470,439336,5.1859,1,1,1
Streptomyces sp. M1013,NZ_MQUH01000003.1,436377,439336,5.1866,1,1,1
Streptomyces sp. RM72,JAGPYH010000040.1,25918,28784,5.1859,1,1,1
Streptomyces sp. RM72,NZ_JAGPYH010000040.1,25918,28877,5.1866,1,1,1
Streptomyces sp. MH60,MULI01000018.1,21171,24037,5.1869,1,1,1
Streptomyces sp. MH60,NZ_MULI01000018.1,21171,24115,5.1869,1,1,1
Streptomyces sp. CB09001,NZ_CP026730.1,539011,541955,5.1864,1,1,1
Streptomyces sp. CB09001,CP026730.1,539089,541955,5.1864,1,1,1
Streptomyces sp. NPDC060275,NZ_JBHXBI010000051.1,7546,10490,5.1858,1,1,1
Streptomyces sp. RK23,NZ_JAGPYB010000001.1,195272,198138,5.1867,1,1,1
Streptomyces sp. RK23,JAGPYB010000001.1,195272,198138,5.1859,1,1,1
Streptomyces sp. RK74B,NZ_JAGPYE010000001.1,195272,198138,5.1867,1,1,1
Streptomyces sp. RK74B,JAGPYE010000001.1,195272,198138,5.1859,1,1,1
Streptomyces sp. RS2,JAPCIE010000001.1,250692,253618,5.1866,1,1,1
Streptomyces sp. RS2,NZ_JAPCIE010000001.1,250752,253618,5.1866,1,1,1
Streptomyces sp. E5N298,NZ_RAIG01000617.1,95922,98881,5.1861,1,1,1
Streptomyces sp. PB17,NZ_JBJPFQ010000005.1,182365,185231,5.1870,1,1,1
Streptomyces sp. CS113,NZ_KZ195574.1,7386323,7389189,5.1867,1,1,1
Streptomyces sp. NPDC102490,NZ_JBIWJU010000008.1,285660,288586,5.1869,1,1,1
Streptomyces sp. NPDC001599,NZ_JBIAVA010000009.1,174089,176955,5.1875,1,1,1
Streptomyces sp. NPDC057387,NZ_JBHVBK010000020.1,50614,53480,5.1860,1,1,1
Streptomyces sp. NPDC101221,NZ_JBIWOI010000004.1,302193,305059,5.1861,1,1,1
Streptomyces sp. MPA0124,NZ_JBJDRC010000014.1,208433,211299,5.1862,1,1,1
Streptomyces sp. CCM_MD2014,CP009754.1,7473947,7476813,5.1862,1,1,1
Streptomyces sp. CCM_MD2014,NZ_CP009754.1,7473947,7476873,5.1861,1,1,1
Streptomyces sp. MS2A,JAQIOU010000016.1,114038,116964,5.1862,1,1,1
Streptomyces sp. KO7888,NZ_WXVT01000001.1,7255882,7258748,5.1872,1,1,1
Streptomyces sp. KO7888,WXVT01000001.1,7255882,7258697,5.1820,1,1,1
Streptomyces sp. AD681,NZ_JAQISL010000012.1,262662,265588,5.1869,1,1,1
Streptomyces sp. NPDC085944,NZ_JBFBJX010000002.1,169898,172824,5.1855,1,1,1
Streptomyces sp. BRB040,NZ_CP155141.1,7428300,7431226,5.1872,1,1,1
Streptomyces sp. R1,NZ_JAJIBA010000023.1,72400,75326,5.1859,1,1,1
Streptomyces sp. SYP-A7193,NZ_CP045547.1,7331762,7334628,5.1870,1,1,1
Streptomyces sp. 067-1,NZ_JAJPWA010000009.1,210525,213391,5.1871,1,1,1
Streptomyces sp. OM5714,NZ_WHZR01000001.1,7014680,7017606,5.1868,1,1,1
Streptomyces sp. OM5714,WHZR01000001.1,7014680,7017495,5.1816,1,1,1
Streptomyces sp. NPDC003781,NZ_JBIANT010000006.1,294951,297895,5.1859,1,1,1
Streptomyces sp. SID5477,WWIG01000801.1,18184,21050,5.1864,1,1,1
Streptomyces sp. IBSBF 2507,NZ_JAKCWU010000037.1,26917,29783,5.1862,1,1,1
Streptomyces sp. CS159,NZ_KZ195577.1,7123661,7126587,5.1864,1,1,1
Streptomyces sp. CS159,KZ195577.1,7123661,7126527,5.1864,1,1,1
Streptomyces sp. NRRL WC-3753,LGKF01001624.1,160828,163694,5.1856,1,1,1
Streptomyces sp. MMCC 100,NZ_JBGORK010000012.1,1129153,1132097,5.1863,1,1,1
Streptomyces sp. NPDC057340,NZ_JBHVAE010000003.1,178553,181497,5.1856,1,1,1
Streptomyces sp. NPDC021139,NZ_JBFADF010000018.1,88710,91669,5.1859,1,1,1
Streptomyces sp. NPDC021140,NZ_JBIRQE010000013.1,47789,50748,5.1859,1,1,1
Streptomyces sp. NPDC093065,NZ_JBIVPJ010000007.1,155166,158092,5.1858,1,1,1
Streptomyces sp. BBFR25,NZ_CP172447.1,1478737,1481696,5.1854,1,1,1
Streptomyces sp. IBSBF 2394,NZ_JAJSYV010000029.1,22646,25605,5.1856,1,1,1
Streptomyces sp. NPDC091294,NZ_JBIVUP010000008.1,176111,179055,5.1846,1,1,1
Streptomyces sp. NPDC091046,NZ_JBIVWM010000001.1,1099178,1102122,5.1845,1,1,1
Streptomyces sp. KPB2,CP034353.1,7015325,7018191,5.1850,1,1,1
Streptomyces sp. KPB2,NZ_CP034353.1,7015325,7018269,5.1850,1,1,1
Streptomyces sp. HB-N217,JADWMQ010000002.1,80739,83605,5.1851,1,1,1
Streptomyces sp. HB-N217,NZ_JADWMQ010000002.1,80739,83683,5.1851,1,1,1
Streptomyces sp. NA03103,CP054920.1,6989444,6992310,5.1851,1,1,1
Streptomyces sp. NA03103,NZ_CP054920.1,6989444,6992388,5.1851,1,1,1
Streptomyces sp. NPDC048306,NZ_JBEZLI010000026.1,141448,144392,5.1857,1,1,1
Streptomyces sp. x-45,NZ_JAJPWL010000016.1,48797,51663,5.1853,1,1,1
Streptomyces sp. NBC_01124,NZ_CP108643.1,7213145,7216089,5.1851,1,1,1
Streptomyces sp. NPDC044989,NZ_JBEZBD010000007.1,132864,135808,5.1847,1,1,1
Streptomyces sp. NPDC030592,NZ_JBEZVW010000005.1,187975,190919,5.1850,1,1,1
Streptomyces sp. NPDC052535,NZ_JBFAUD010000032.1,65647,68591,5.1850,1,1,1
Streptomyces sp. NPDC057144,NZ_JBHUVB010000068.1,16512,19456,5.1850,1,1,1
Streptomyces sp. NPDC057176,NZ_JBHUVX010000003.1,187860,190804,5.1850,1,1,1
Streptomyces sp. NPDC059709,NZ_JBHWFR010000002.1,317978,320922,5.1850,1,1,1
Streptomyces sp. NPDC059712,NZ_JBHWFU010000002.1,191511,194455,5.1850,1,1,1
Streptomyces sp. NPDC058762,NZ_JBHYPP010000014.1,38693,41637,5.1852,1,1,1
Streptomyces sp. H23,NZ_SOPG01000010.1,187610,190554,5.1853,1,1,1
Streptomyces sp. NPDC048376,NZ_JBEZKV010000007.1,167946,170872,5.1851,1,1,1
Streptomyces sp. NPDC058737,NZ_JBHYQL010000008.1,167556,170422,5.1859,1,1,1
Streptomyces sp. NPDC088935,NZ_JBIVII010000002.1,176261,179205,5.1852,1,1,1
Streptomyces sp. NPDC059402,NZ_JBHYWM010000009.1,116544,119470,5.1859,1,1,1
Streptomyces sp. NPDC048405,NZ_JBICXX010000008.1,187703,190647,5.1849,1,1,1
Streptomyces sp. SID10362,JAAGLJ010000305.1,65540,68406,5.1851,1,1,1
Streptomyces sp. SID10362,NZ_JAAGLJ010000305.1,65462,68406,5.1850,1,1,1
Streptomyces sp. V17-9,CP074111.1,956786,959652,5.1848,1,1,1
Streptomyces sp. V17-9,NZ_CP074111.1,956708,959652,5.1847,1,1,1
Streptomyces sp. ICN988,NZ_JAOVZD010000036.1,21609,24553,5.1854,1,1,1
Streptomyces sp. PU10,NZ_JAVCPQ010000001.1,1024177,1027121,5.1849,1,1,1
Streptomyces sp. NPDC048109,NZ_JBEZNC010000007.1,65951,68895,5.1854,1,1,1
Streptomyces sp. NPDC093681,NZ_JBFBDU010000012.1,126444,129388,5.1852,1,1,1
Streptomyces sp. NPDC057362,NZ_JBHVAO010000005.1,199113,202057,5.1853,1,1,1
Streptomyces sp. NPDC057375,NZ_JBHVBA010000009.1,269847,272791,5.1852,1,1,1
Streptomyces sp. NPDC059409,NZ_JBHYWH010000027.1,16914,19858,5.1854,1,1,1
Streptomyces sp. NPDC007126,NZ_JBIAFL010000008.1,213462,216406,5.1853,1,1,1
Streptomyces sp. NPDC101133,NZ_JBIVYW010000005.1,283892,286836,5.1848,1,1,1
Streptomyces sp. BBFR51,NZ_CP172448.1,1357074,1360000,5.1842,1,1,1
Streptomyces sp. NPDC048110,NZ_JBEZNB010000006.1,212868,215812,5.1849,1,1,1
Streptomyces sp. NPDC005897,NZ_JBEXWD010000001.1,168283,171209,5.1854,1,1,1
Streptomyces sp. BSE6.1,NZ_CP085300.1,7060487,7063431,5.1851,1,1,1
Streptomyces sp. NPDC005395,NZ_JBEXFE010000005.1,212717,215661,5.1852,1,1,1
Streptomyces sp. NPDC093554,NZ_JBFBDZ010000002.1,153533,156477,5.1852,1,1,1
Streptomyces sp. NPDC056353,NZ_JBHJQL010000071.1,13738,16682,5.1847,1,1,1
Streptomyces sp. NPDC087460,NZ_JBIUXM010000003.1,331624,334568,5.1852,1,1,1
Streptomyces sp. G3,JAMOZC010000002.1,189394,192260,5.1850,1,1,1
Streptomyces sp. G3,NZ_JAMOZC010000002.1,189394,192338,5.1849,1,1,1
Streptomyces sp. NPDC060311,NZ_JBHXCA010000003.1,386556,389500,5.1848,1,1,1
Streptomyces sp. NPDC019793,NZ_JBEYAX010000004.1,285594,288520,5.1848,1,1,1
Streptomyces sp. NPDC020947,NZ_JBFADN010000004.1,167951,170877,5.1848,1,1,1
Streptomyces sp. HUAS CX7,NZ_CP130681.1,7050350,7053294,5.1848,1,1,1
Streptomyces sp. AC512_CC834,NZ_JAGMUO010000097.1,843499,846431,5.1844,1,1,1
Streptomyces sp. NBC_00334,NZ_CP108008.1,1085843,1088787,5.1828,1,1,1
Streptomyces sp. NPDC006349,NZ_JBEXQR010000184.1,6112,9056,5.1827,1,1,1
Streptomyces sp. NPDC044948,NZ_JBEZBI010000333.1,3082,6026,5.1827,1,1,1
Streptomyces sp. NPDC058783,NZ_JBHYPA010000007.1,199382,202326,5.1839,1,1,1
Streptomyces sp. NRRL F-5650,NZ_JOGV01000001.1,144932,147846,5.1843,1,1,1
Streptomyces sp. CoH17,NZ_JAPELJ010000017.1,146520,149446,5.1829,1,1,1
Streptomyces sp. NRRL S-1831,NZ_JOGT01000003.1,88424,91350,5.1828,1,1,1
Streptomyces sp. NRRL F-4707,NZ_LGEF01000112.1,88439,91365,5.1828,1,1,1
Streptomyces sp. NRRL F-4707,LGEF01000112.1,88499,91365,5.1826,1,1,1
Streptomyces sp. NRRL F-7442,NZ_LGEH01000116.1,60753,63679,5.1828,1,1,1
Streptomyces sp. NRRL F-7442,LGEH01000116.1,60753,63619,5.1826,1,1,1
Streptomyces sp. NBRC 110030,NZ_BBOK01000004.1,475403,478269,5.1829,1,1,1
Streptomyces sp. NRRL F-4711,LGCX01000213.1,146781,149647,5.1823,1,1,1
Streptomyces sp. NRRL F-4711,NZ_LGCX01000213.1,146781,149707,5.1824,1,1,1
Streptomyces sp. NRRL F-5635,NZ_JOGJ01000001.1,146911,149837,5.1821,1,1,1
Streptomyces sp. NRRL F-5555,NZ_JOHJ01000013.1,88397,91323,5.1824,1,1,1
Streptomyces sp. VN1,NZ_CP036534.1,1012200,1015153,5.1783,1,1,1
Streptomyces sp. VN1,CP036534.1,1012278,1015153,5.1782,1,1,1
Streptomyces sp. CT1-17,NZ_JAJEJZ010000004.1,287860,290813,5.1782,1,1,1
Streptomyces sp. NPDC058834,NZ_JBHYNJ010000002.1,106075,108989,5.1786,1,1,1
Streptomyces sp. NPDC058812,NZ_JBHYOB010000002.1,20673,23587,5.1786,1,1,1
Streptomyces sp. NPDC096094,NZ_JBIWGE010000009.1,234912,237865,5.1790,1,1,1
Streptomyces sp. BB1-1-1,NZ_CP134203.1,7313436,7316338,5.1782,1,1,1
Streptomyces sp. NPDC096048,NZ_JBIWGG010000004.1,492198,495151,5.1790,1,1,1
Streptomyces sp. CCNWLW230,NZ_JBBCBX010000005.1,173542,176444,5.1782,1,1,1
Streptomyces sp. CCNWLW237,NZ_JBBCBY010000005.1,173542,176444,5.1782,1,1,1
Streptomyces sp. CCNWLW238,NZ_JBBCBZ010000006.1,173542,176444,5.1782,1,1,1
Streptomyces sp. NPDC057780,NZ_JBHVKQ010000011.1,71019,73921,5.1782,1,1,1
Streptomyces sp. NPDC057781,NZ_JBHVKR010000072.1,13532,16434,5.1782,1,1,1
Streptomyces sp. NPDC058818,NZ_JBHYNW010000005.1,172086,175000,5.1786,1,1,1
Streptomyces sp. NPDC056405,NZ_JBHJPD010000098.1,11876,14790,5.1785,1,1,1
Streptomyces sp. NPDC056296,NZ_JBHJRX010000006.1,160360,163274,5.1785,1,1,1
Streptomyces sp. NPDC017260,NZ_JBIRMN010000013.1,42091,44993,5.1768,1,1,1
Streptomyces sp. NPDC017259,NZ_JBIRMO010000014.1,198392,201294,5.1768,1,1,1
Streptomyces sp. NPDC017225,NZ_JBIRNE010000013.1,42609,45511,5.1768,1,1,1
Streptomyces sp. DH41,NZ_JARVKY010000017.1,188539,191423,5.1760,1,1,1
Streptomyces sp. NPDC057363,NZ_JBHVAP010000084.1,13424,16308,5.1760,1,1,1
Streptomyces sp. NPDC017454,NZ_JBIRLK010000013.1,42934,45818,5.1760,1,1,1
Streptomyces sp. NPDC017230,NZ_JBIRNC010000012.1,15286,18170,5.1760,1,1,1
Streptomyces sp. NPDC017227,NZ_JBIRND010000014.1,15286,18170,5.1760,1,1,1
Streptomyces sp. NPDC033538,NZ_JBEZVH010000028.1,45090,47974,5.1762,1,1,1
Streptomyces sp. RM99,JAGPYI010000001.1,16542,19390,5.1778,1,1,1
Streptomyces sp. RM99,NZ_JAGPYI010000001.1,16542,19450,5.1777,1,1,1
Streptomyces sp. Osf17,JADBJP010000001.1,1304162,1307010,5.1778,1,1,1
Streptomyces sp. Osf17,NZ_JADBJP010000001.1,1304102,1307010,5.1777,1,1,1
Streptomyces sp. Babs14,JADBJQ010000002.1,1304412,1307260,5.1778,1,1,1
Streptomyces sp. Babs14,NZ_JADBJQ010000002.1,1304352,1307260,5.1777,1,1,1
Streptomyces sp. KAI 90,JAANNZ010000005.1,313637,316485,5.1778,1,1,1
Streptomyces sp. KAI 90,NZ_JAANNZ010000005.1,313577,316485,5.1777,1,1,1
Streptomyces sp. SGAir0924,CP027297.1,1410525,1413373,5.1778,1,1,1
Streptomyces sp. SGAir0924,NZ_CP027297.1,1410465,1413373,5.1777,1,1,1
Streptomyces sp. TOR3209,NZ_AGNH01000284.1,28579,31487,5.1778,1,1,1
Streptomyces sp. SS52,NZ_CP039123.1,1315096,1318004,5.1778,1,1,1
Streptomyces sp. SS52,CP039123.1,1315156,1318004,5.1778,1,1,1
Streptomyces sp. A144,NZ_CP083267.2,1361238,1364146,5.1778,1,1,1
Streptomyces sp. DHE17-7,NZ_JACJDL010000001.1,1289192,1292100,5.1778,1,1,1
Streptomyces sp. DHE17-7,JACJDL010000001.1,1289252,1292100,5.1778,1,1,1
Streptomyces sp. CRB46,NZ_JACTMC010000023.1,12506,15414,5.1778,1,1,1
Streptomyces sp. RT42,NZ_JAGPYJ010000004.1,149445,152353,5.1778,1,1,1
Streptomyces sp. RT42,JAGPYJ010000004.1,149445,152293,5.1778,1,1,1
Streptomyces sp. DH1,NZ_JAHWGV010000009.1,166203,169111,5.1778,1,1,1
Streptomyces sp. 030-HV,NZ_JAJPVU010000001.1,155418,158326,5.1778,1,1,1
Streptomyces sp. NRRL WC-3795,NZ_JOCG01000034.1,50701,53609,5.1775,1,1,1
Streptomyces sp. CS207,NZ_KZ819184.1,3103461,3106369,5.1778,1,1,1
Streptomyces sp. CS207,KZ819184.1,3103461,3106309,5.1778,1,1,1
Streptomyces sp. WAC04189,NZ_RPRT01000011.1,164413,167321,5.1775,1,1,1
Streptomyces sp. WAC04189,RPRT01000011.1,164413,167261,5.1775,1,1,1
Streptomyces sp. WAC05458,NZ_RPRU01000006.1,149591,152499,5.1778,1,1,1
Streptomyces sp. WAC05458,RPRU01000006.1,149591,152439,5.1778,1,1,1
Streptomyces sp. WAC08401,NZ_RPRV01000003.1,165725,168633,5.1778,1,1,1
Streptomyces sp. WAC08401,RPRV01000003.1,165725,168573,5.1778,1,1,1
Streptomyces sp. WAC08452,NZ_RPRW01000017.1,41222,44130,5.1778,1,1,1
Streptomyces sp. WAC08452,RPRW01000017.1,41282,44130,5.1778,1,1,1
Streptomyces sp. WAC02707,NZ_RPSB01000005.1,131996,134904,5.1778,1,1,1
Streptomyces sp. WAC02707,RPSB01000005.1,132056,134904,5.1778,1,1,1
Streptomyces sp. WAC06128,NZ_RPSC01000005.1,150271,153179,5.1772,1,1,1
Streptomyces sp. WAC06128,RPSC01000005.1,150271,153119,5.1772,1,1,1
Streptomyces sp. WAC06273,NZ_RPSD01000006.1,150253,153161,5.1778,1,1,1
Streptomyces sp. WAC06273,RPSD01000006.1,150253,153101,5.1778,1,1,1
Streptomyces sp. VITNK9,NZ_JACWAA010000004.1,150399,153307,5.1776,1,1,1
Streptomyces sp. AN-3,NZ_JASBOE010000009.1,155175,158083,5.1777,1,1,1
Streptomyces sp. NPDC000351,NZ_JBEPDW010000054.1,18350,21252,5.1768,1,1,1
Streptomyces sp. CC302I,NZ_JBHOFE010000012.1,88167,91075,5.1776,1,1,1
Streptomyces sp. MBT28,NZ_LARV01000072.1,20199,23107,5.1776,1,1,1
Streptomyces sp. AC602_WCS936,NZ_JAGMUF010000054.1,366318,369229,5.1775,1,1,1
Streptomyces sp. M92,CP101137.1,6659549,6662382,5.1770,1,1,1
Streptomyces sp. M92,NZ_CP101137.1,6659489,6662382,5.1770,1,1,1
Streptomyces sp. NPDC057367,NZ_JBHVAT010000005.1,130738,133631,5.1770,1,1,1
Streptomyces sp. NPDC057336,NZ_JBHVAC010000020.1,86887,89780,5.1769,1,1,1
Streptomyces sp. NPDC057381,NZ_JBHVBF010000020.1,29177,32070,5.1769,1,1,1
Streptomyces sp. CC71,LOSR01000168.1,6760,9608,5.1771,1,1,1
Streptomyces sp. CC71,NZ_LOSR01000168.1,6700,9608,5.1771,1,1,1
Streptomyces sp. NPDC057148,NZ_JBHUVF010000032.1,63277,66188,5.1770,1,1,1
Streptomyces sp. NPDC127164,NZ_JBHXUL010000084.1,25090,28001,5.1770,1,1,1
Streptomyces sp. NPDC057376,NZ_JBHVBB010000066.1,6808,9719,5.1765,1,1,1
Streptomyces sp. NPDC018322,NZ_JBIREU010000007.1,405970,408881,5.1765,1,1,1
Streptomyces sp. NPDC018321,NZ_JBIREV010000015.1,171995,174906,5.1765,1,1,1
Streptomyces sp. CB02414,NZ_LIPF01000010.1,240806,243717,5.1765,1,1,1
Streptomyces sp. CB02414,LIPF01000010.1,240884,243717,5.1765,1,1,1
Streptomyces sp. NPDC057245,NZ_JBHUXO010000019.1,149011,151991,5.1749,1,1,1
Streptomyces sp. NPDC045251,NZ_JBEZAS010000019.1,119152,122045,5.1767,1,1,1
Streptomyces sp. NPDC029519,NZ_JBEZWF010000015.1,147038,149931,5.1767,1,1,1
Streptomyces sp. FXJ7.023,NZ_APIV01000002.1,158040,160987,5.1750,1,1,1
Streptomyces sp. A108,NZ_JACBYP010000119.1,13957,16937,5.1750,1,1,1
Streptomyces sp. A108,JACBYP010000119.1,14035,16937,5.1750,1,1,1
Streptomyces sp. NPDC058848,NZ_JBHYMZ010000008.1,64188,67081,5.1769,1,1,1
Streptomyces sp. NPDC058847,NZ_JBHYNA010000031.1,13530,16423,5.1765,1,1,1
Streptomyces sp. NPDC058832,NZ_JBHYNL010000013.1,11245,14138,5.1769,1,1,1
Streptomyces sp. NPDC058830,NZ_JBHYNN010000036.1,11351,14244,5.1769,1,1,1
Streptomyces sp. NPDC058829,NZ_JBHYNO010000003.1,151384,154277,5.1769,1,1,1
Streptomyces sp. NPDC058828,NZ_JBHYNP010000011.1,151309,154202,5.1769,1,1,1
Streptomyces sp. NPDC058826,NZ_JBHYNR010000037.1,63901,66794,5.1769,1,1,1
Streptomyces sp. NPDC058825,NZ_JBHYNS010000029.1,63897,66790,5.1769,1,1,1
Streptomyces sp. NPDC058807,NZ_JBHYOG010000010.1,136410,139303,5.1762,1,1,1
Streptomyces sp. NPDC058796,NZ_JBHYOP010000011.1,159041,161934,5.1762,1,1,1
Streptomyces sp. NPDC058794,NZ_JBHYOR010000011.1,82781,85674,5.1762,1,1,1
Streptomyces sp. NPDC058793,NZ_JBHYOS010000008.1,159041,161934,5.1762,1,1,1
Streptomyces sp. NBUA17,NZ_CP172414.1,1254015,1256968,5.1763,1,1,1
Streptomyces sp. STCH 565 A,JAMSHC010000040.1,21723,24598,5.1766,1,1,1
Streptomyces sp. STCH 565 A,NZ_JAMSHC010000040.1,21645,24598,5.1766,1,1,1
Streptomyces sp. A13(2022),JANFMQ010000174.1,0,2870,5.1763,1,1,1
Streptomyces sp. A13(2022),NZ_JANFMQ010000174.1,0,2948,5.1763,1,1,1
Streptomyces sp. CB09030,CP094676.1,5407877,5410752,5.1761,1,1,1
Streptomyces sp. CB09030,NZ_CP094676.1,5407799,5410752,5.1761,1,1,1
Streptomyces sp. B146,NZ_CP102359.1,1133858,1136811,5.1766,1,1,1
Streptomyces sp. ISL-12,JAGGOO010000067.1,19813,22630,5.1706,1,1,1
Streptomyces sp. NPDC023723,NZ_JBFAAP010000039.1,20107,23038,5.1703,1,1,1
Streptomyces sp. XY006,NOKT01000012.1,117675,120482,5.1683,1,1,1
Streptomyces sp. SX92,NZ_CP132593.1,8460915,8463787,5.1675,1,1,1
Streptomyces sp. Go-475,CP026121.1,1030926,1033733,5.1669,1,1,1
Streptomyces sp. NBRC 14336,NZ_BSRW01000018.1,6778,9607,5.1663,1,1,1
Streptomyces sp. NBRC 14336,BSRW01000018.1,6802,9607,5.1662,1,1,1
Streptomyces sp. NPDC046759,NZ_JBEYYJ010000022.1,143881,146697,5.1671,1,1,1
Streptomyces sp. NPDC048304,NZ_JBEZLJ010000005.1,126905,129718,5.1659,1,1,1
Streptomyces sp. NPDC048192,NZ_JBIDAL010000002.1,410243,413056,5.1661,1,1,1
Streptomyces sp. NPDC050211,NZ_JBFALC010000020.1,45548,48416,5.1681,1,1,1
Streptomyces sp. NPDC002779,NZ_JBIAQC010000005.1,152220,155046,5.1674,1,1,1
Streptomyces sp. NPDC002088,NZ_JBEOXO010000016.1,123905,126761,5.1662,1,1,1
Streptomyces sp. NBC_00457,NZ_CP107905.1,9128316,9131184,5.1679,1,1,1
Streptomyces sp. NBC_00445,NZ_CP107914.1,9300744,9303612,5.1679,1,1,1
Streptomyces sp. NBC_00444,NZ_CP107916.1,9341257,9344125,5.1679,1,1,1
Streptomyces sp. GESEQ-4,NZ_JAFFSU010000002.1,191819,194687,5.1679,1,1,1
Streptomyces sp. P17,NZ_JAVRBF010000066.1,26574,29403,5.1677,1,1,1
Streptomyces sp. NPDC091280,NZ_JBIVUZ010000015.1,224911,227727,5.1659,1,1,1
Streptomyces sp. NPDC101175,NZ_JBIWPB010000013.1,75914,78730,5.1662,1,1,1
Streptomyces sp. NPDC002928,NZ_JBEXNX010000016.1,94278,97134,5.1659,1,1,1
Streptomyces sp. NPDC052107,NZ_JBFAWG010000009.1,216747,219560,5.1657,1,1,1
Streptomyces sp. NPDC001093,NZ_JBEPBF010000028.1,45047,47912,5.1659,1,1,1
Streptomyces sp. B93,NZ_JAGPXL010000004.1,169239,172079,5.1665,1,1,1
Streptomyces sp. B93,JAGPXL010000004.1,169272,172079,5.1665,1,1,1
Streptomyces sp. YS415,NZ_JAMJFL010000010.1,143861,146687,5.1674,1,1,1
Streptomyces sp. YS415,JAMJFL010000010.1,143861,146663,5.1674,1,1,1
Streptomyces sp. NPDC126514,NZ_JBEORQ010000003.1,237279,240105,5.1675,1,1,1
Streptomyces sp. NPDC001852,NZ_JBIATN010000006.1,178098,180915,5.1653,1,1,1
Streptomyces sp. NPDC004546,NZ_JBEXLO010000007.1,191597,194410,5.1659,1,1,1
Streptomyces sp. NPDC051917,NZ_JBFAXW010000013.1,38090,40903,5.1659,1,1,1
Streptomyces sp. NPDC051896,NZ_JBFAYD010000009.1,177130,179943,5.1660,1,1,1
Streptomyces sp. NPDC088789,NZ_JBIVKF010000008.1,328157,331018,5.1663,1,1,1
Streptomyces sp. NPDC091377,NZ_JBIVUE010000002.1,123822,126683,5.1665,1,1,1
Streptomyces sp. NPDC051954,NZ_JBFAXO010000001.1,868486,871354,5.1668,1,1,1
Streptomyces sp. NPDC051963,NZ_JBIUCC010000001.1,1264594,1267462,5.1670,1,1,1
Streptomyces sp. L2,NZ_QBDT01000001.1,6913388,6916193,5.1657,1,1,1
Streptomyces sp. NPDC096012,NZ_JBEOTD010000013.1,100425,103227,5.1664,1,1,1
Streptomyces coelicolor A3(2) ICSSB 1010,NZ_VNID01000006.1,188375,191241,5.1929,1,1,1
Streptomyces coelicolor A3(2),AL645882.2,1277624,1280490,5.1929,1,1,1
Streptomyces coelicolor A3(2) CFB_NBC_0001,CP042324.1,1277625,1280491,5.1929,1,1,1
Streptomyces coelicolor A3(2) CFB_NBC_0001,NZ_CP042324.1,1277547,1280491,5.1929,1,1,1
Streptomyces violaceoruber CGMCC 4.1801,NZ_CP137734.1,7220021,7222887,5.1925,1,1,1
Streptomyces violaceoruber CGMCC 4.1801,CP137734.1,7220021,7222965,5.1925,1,1,1
Streptomyces violaceoruber JCM 4423,BAABGV010000037.1,36921,39865,5.1925,1,1,1
Streptomyces violaceoruber NRRL S-12,NZ_JOCE01000012.1,203804,206670,5.1924,1,1,1
Streptomyces violaceolatus JCM 4531,NZ_BAAASK010000001.1,874082,877026,5.1923,1,1,1
Streptomyces violaceolatus JCM 4531,BAAASK010000001.1,874082,877026,5.1921,1,1,1
Streptomyces rubrogriseus IPS92ro,JAPWHU010000003.1,21181,24125,5.1923,1,1,1
Streptomyces rubrogriseus IPS92ro,NZ_JAPWHU010000003.1,21181,24047,5.1923,1,1,1
Streptomyces rubrogriseus NBRC 15455,NZ_BEWD01000004.1,264635,267579,5.1892,1,1,1
Streptomyces rubrogriseus SID7739,JAAGMQ010000102.1,20341,23207,5.1890,1,1,1
Streptomyces rubrogriseus SID7739,NZ_JAAGMQ010000102.1,20341,23285,5.1890,1,1,1
Streptomyces rubrogriseus NPDC059658,NZ_JBHWEC010000004.1,284078,287022,5.1890,1,1,1
Streptomyces rubrogriseus NPDC058346,NZ_JBHXIH010000006.1,181306,184250,5.1890,1,1,1
Streptomyces rubrogriseus NPDC018032,NZ_JBIRFS010000002.1,483717,486661,5.1884,1,1,1
Streptomyces rubrogriseus NPDC090058,NZ_JBIVEP010000005.1,284614,287558,5.1890,1,1,1
Streptomyces rubrogriseus NPDC085456,NZ_JBITTP010000005.1,284371,287330,5.1888,1,1,1
Streptomyces lividans 1326,NZ_CM001889.1,1500749,1503615,5.1921,1,1,1
Streptomyces lividans 1326,CM001889.1,1500773,1503615,5.1902,1,1,1
Streptomyces lividans TK24,CP009124.1,7060000,7062866,5.1921,1,1,1
Streptomyces lividans TK24,NZ_CP009124.1,7060000,7062944,5.1921,1,1,1
Streptomyces lividans TK24,GG657756.1,7032755,7035597,5.1902,1,1,1
Streptomyces lividans TK24 DG2-P41,CP071123.1,7095488,7098354,5.1921,1,1,1
Streptomyces lividans TK24-YQS040,CP071800.1,7075351,7078217,5.1921,1,1,1
Streptomyces lividans TK23,AP025539.1,1264479,1267423,5.1921,1,1,1
Streptomyces tendae NPDC048238,NZ_JBICZQ010000001.1,181014,183880,5.1873,1,1,1
Streptomyces tendae NPDC048237,NZ_JBICZR010000016.1,225766,228632,5.1873,1,1,1
Streptomyces tendae VITAKN,JAAIFS010000007.1,292955,295821,5.1861,1,1,1
Streptomyces tendae VITAKN,NZ_JAAIFS010000007.1,292895,295821,5.1869,1,1,1
Streptomyces tendae NPDC001382,NZ_JBEPAR010000005.1,195052,197978,5.1867,1,1,1
Streptomyces tendae NPDC003768,NZ_JBEXMU010000070.1,14745,17671,5.1866,1,1,1
Streptomyces tendae NPDC052110,NZ_JBFAWE010000006.1,188048,190974,5.1866,1,1,1
Streptomyces tendae NPDC003830,NZ_JBIANO010000006.1,192606,195472,5.1869,1,1,1
Streptomyces tendae NPDC001029,NZ_JBIAYI010000007.1,195090,197956,5.1866,1,1,1
Streptomyces tendae CALK1-4,NZ_JBIQWK010000005.1,295966,298832,5.1866,1,1,1
Streptomyces tendae NPDC018039,NZ_JBIRFN010000008.1,392967,395833,5.1865,1,1,1
Streptomyces tendae NPDC018027,NZ_JBIRFX010000009.1,53882,56748,5.1865,1,1,1
Streptomyces tendae NPDC018015,NZ_JBIRGG010000009.1,377780,380646,5.1865,1,1,1
Streptomyces tendae NPDC101120,NZ_JBIVZF010000007.1,306276,309142,5.1865,1,1,1
Streptomyces tendae NPDC048588,NZ_JBICWD010000010.1,16946,19812,5.1866,1,1,1
Streptomyces tendae NPDC049647,NZ_JBITLT010000001.1,187631,190497,5.1867,1,1,1
Streptomyces tendae NPDC048598,NZ_JBEZID010000007.1,129897,132823,5.1865,1,1,1
Streptomyces tendae NPDC048226,NZ_JBICZZ010000006.1,184850,187716,5.1865,1,1,1
Streptomyces tendae JCM 4610,NZ_BMUY01000005.1,342042,344908,5.1863,1,1,1
Streptomyces tendae NPDC058331,NZ_JBHXHT010000003.1,187035,189901,5.1867,1,1,1
Streptomyces tendae NPDC058332,NZ_JBHXHU010000013.1,219873,222739,5.1867,1,1,1
Streptomyces tendae NPDC058343,NZ_JBHXIE010000013.1,67003,69869,5.1867,1,1,1
Streptomyces tendae NPDC058356,NZ_JBHXIR010000014.1,66987,69853,5.1865,1,1,1
Streptomyces tendae NPDC058359,NZ_JBHXIU010000006.1,186874,189740,5.1867,1,1,1
Streptomyces tendae,NZ_CANLXQ010000003.1,620554,623480,5.1873,1,1,1
Streptomyces tendae NPDC006280,NZ_JBEXSB010000025.1,41895,44821,5.1862,1,1,1
Streptomyces tendae NPDC052220,NZ_JBFAVG010000008.1,284628,287554,5.1864,1,1,1
Streptomyces tendae NPDC004977,NZ_JBEXJE010000004.1,283567,286505,5.1866,1,1,1
Streptomyces tendae NPDC048183,NZ_JBIDAP010000004.1,186864,189730,5.1864,1,1,1
Streptomyces tendae NPDC048173,NZ_JBEZMQ010000010.1,186903,189829,5.1868,1,1,1
Streptomyces tendae NPDC003786,NZ_JBIANS010000004.1,585145,588011,5.1865,1,1,1
Streptomyces tendae NPDC058950,NZ_JBHYKQ010000008.1,7484,10350,5.1859,1,1,1
Streptomyces tendae NPDC058749,NZ_JBHYQA010000003.1,177752,180618,5.1854,1,1,1
Streptomyces tendae NPDC057553,NZ_JBHVFK010000144.1,7486,10352,5.1861,1,1,1
Streptomyces tendae NPDC003948,NZ_JBIANF010000003.1,416693,419559,5.1863,1,1,1
Streptomyces tendae NPDC087198,NZ_JBIUZH010000018.1,15300,18166,5.1861,1,1,1
Streptomyces tendae NPDC092921,NZ_JBIVPV010000007.1,329872,332738,5.1861,1,1,1
Streptomyces tendae NPDC048071,NZ_JBEZNE010000002.1,176520,179479,5.1862,1,1,1
Streptomyces tendae NPDC003773,NZ_JBIANU010000002.1,186439,189305,5.1863,1,1,1
Streptomyces tendae NPDC047796,NZ_JBEYSF010000003.1,250794,253753,5.1859,1,1,1
Streptomyces tendae NPDC013796,NZ_JBICBD010000006.1,276591,279457,5.1859,1,1,1
Streptomyces tendae NPDC048075,NZ_JBIDBF010000005.1,428539,431405,5.1859,1,1,1
Streptomyces tendae NPDC004691,NZ_JBEXJW010000015.1,67145,70071,5.1862,1,1,1
Streptomyces tendae NPDC004678,NZ_JBEXJY010000033.1,21081,24007,5.1862,1,1,1
Streptomyces tendae NPDC057734,NZ_JBHVJS010000028.1,42166,45092,5.1862,1,1,1
Streptomyces tendae NPDC057753,NZ_JBHVKB010000003.1,576923,579849,5.1862,1,1,1
Streptomyces tendae NPDC059843,NZ_JBHWJC010000047.1,32853,35779,5.1862,1,1,1
Streptomyces tendae NPDC059847,NZ_JBHWJF010000026.1,58914,61840,5.1862,1,1,1
Streptomyces tendae NPDC003747,NZ_JBIANV010000010.1,298478,301404,5.1862,1,1,1
Streptomyces tendae UTMC 3329,NZ_RSEG01000003.1,321608,324534,5.1861,1,1,1
Streptomyces tendae NPDC047797,NZ_JBEYSE010000003.1,75200,78159,5.1859,1,1,1
Streptomyces tendae NPDC058912,NZ_JBHYLJ010000004.1,173709,176635,5.1863,1,1,1
Streptomyces tendae NPDC058889,NZ_JBHYLW010000037.1,6708,9634,5.1863,1,1,1
Streptomyces tendae SAI-227,NZ_JBIYET010000001.1,1107525,1110451,5.1861,1,1,1
Streptomyces tendae SAI-227,JBIYET010000001.1,1107585,1110451,5.1861,1,1,1
Streptomyces tendae NPDC087193,NZ_JBIUZI010000003.1,177361,180227,5.1841,1,1,1
Streptomyces coelicoflavus NPDC056610,NZ_JBHTVU010000014.1,30322,33248,5.1864,1,1,1
Streptomyces coelicoflavus LM32,NZ_JBAGKW010000013.1,35563,38429,5.1859,1,1,1
Streptomyces coelicoflavus NPDC056535,NZ_JBHTTY010000019.1,7502,10371,5.1868,1,1,1
Streptomyces coelicoflavus NBC_00099,NZ_CP108218.1,7125295,7128161,5.1871,1,1,1
Streptomyces coelicoflavus NBC_00099,CP108218.1,7125295,7128221,5.1870,1,1,1
Streptomyces coelicoflavus NBC_00465,NZ_JAPENQ010000001.1,5197568,5200434,5.1870,1,1,1
Streptomyces coelicoflavus NBC_00465,JAPENQ010000001.1,5197568,5200494,5.1869,1,1,1
Streptomyces coelicoflavus NPDC057274,NZ_JBHUYM010000072.1,7481,10347,5.1870,1,1,1
Streptomyces coelicoflavus NPDC059661,NZ_JBHWEE010000015.1,27032,29898,5.1871,1,1,1
Streptomyces coelicoflavus NPDC059674,NZ_JBHWEO010000131.1,7487,10353,5.1872,1,1,1
Streptomyces coelicoflavus NPDC059677,NZ_JBHWEQ010000008.1,125597,128463,5.1867,1,1,1
Streptomyces coelicoflavus NPDC060156,NZ_JBHWYF010000013.1,7544,10410,5.1870,1,1,1
Streptomyces coelicoflavus NPDC060157,NZ_JBHWYG010000008.1,168344,171210,5.1870,1,1,1
Streptomyces coelicoflavus NPDC059415,NZ_JBHYWE010000006.1,65762,68628,5.1867,1,1,1
Streptomyces coelicoflavus SID14163,NZ_JAAGMA010000594.1,9674,12600,5.1861,1,1,1
Streptomyces coelicoflavus SID14163,JAAGMA010000594.1,9674,12540,5.1852,1,1,1
Streptomyces coelicoflavus NBRC 15399,NZ_BEWB01000005.1,160832,163758,5.1865,1,1,1
Streptomyces coelicoflavus SID14172,NZ_JAAGMB010000604.1,9689,12615,5.1865,1,1,1
Streptomyces coelicoflavus SID14172,JAAGMB010000604.1,9689,12555,5.1856,1,1,1
Streptomyces coelicoflavus NPDC001050,NZ_JBEPBG010000006.1,155111,158037,5.1865,1,1,1
Streptomyces coelicoflavus NPDC003954,NZ_JBIANE010000004.1,469329,472255,5.1866,1,1,1
Streptomyces coelicoflavus NPDC089661,NZ_JBIVHO010000011.1,157615,160541,5.1865,1,1,1
Streptomyces coelicoflavus S3018,NZ_JASDBW010000002.1,453263,456189,5.1865,1,1,1
Streptomyces coelicoflavus NPDC060121,NZ_JBFBNC010000017.1,15934,18860,5.1869,1,1,1
Streptomyces coelicoflavus ZG0656,AHGS01000037.1,18184,21050,5.1864,1,1,1
Streptomyces coelicoflavus NPDC058541,NZ_JBHXOB010000001.1,442564,445430,5.1868,1,1,1
Streptomyces coelicoflavus NPDC056964,NZ_JBHURH010000120.1,7507,10433,5.1856,1,1,1
Streptomyces coelicoflavus DBR11,JAMOLO010000009.1,18722,21588,5.1840,1,1,1
Streptomyces coelicoflavus DBR11,NZ_JAMOLO010000009.1,18722,21666,5.1840,1,1,1
Streptomyces hyderabadensis JCM 17657,NZ_BAABIV010000028.1,215055,217999,5.1854,1,1,1
Streptomyces hyderabadensis JCM 17657,NZ_JAIOJZ010000016.1,125640,128584,5.1845,1,1,1
Streptomyces hyderabadensis JCM 17657,BAABIV010000028.1,215055,217897,5.1827,1,1,1
Streptomyces salinarius CS29,NZ_JAVCWJ010000002.1,187573,190517,5.1850,1,1,1
Streptomyces salinarius Lnu-12,NZ_JAXLNW010000014.1,191081,194025,5.1847,1,1,1
Streptomyces salinarius SS06011,NZ_JACLZH010000006.1,228810,231754,5.1849,1,1,1
Streptomyces salinarius VRMG2420,NZ_JBITPR010000045.1,213732,216676,5.1851,1,1,1
Streptomyces lienomycini JCM 6925,NZ_BAAATN010000008.1,146256,149188,5.1822,1,1,1
Streptomyces lienomycini JCM 6925,NZ_JBHUEU010000002.1,1078068,1081000,5.1822,1,1,1
Streptomyces lienomycini JCM 6925,BAAATN010000008.1,146256,149110,5.1821,1,1,1
Streptomyces lienomycini DSM 41475,NZ_CP116257.1,5061353,5064285,5.1822,1,1,1
Streptomyces ardesiacus NBRC 15402,NZ_BEWC01000008.1,146771,149697,5.1829,1,1,1
Streptomyces ardesiacus NPDC094450,NZ_JBEOTR010000017.1,67636,70562,5.1827,1,1,1
Streptomyces ardesiacus NPDC006376,NZ_JBEXQH010000004.1,132892,135818,5.1826,1,1,1
Streptomyces ardesiacus NPDC006166,NZ_JBEXTN010000001.1,218382,221308,5.1826,1,1,1
Streptomyces ardesiacus NPDC007026,NZ_JBEYGW010000014.1,146985,149911,5.1828,1,1,1
Streptomyces ardesiacus IBSBF 3360,NZ_JAJSZE010000009.1,60883,63749,5.1829,1,1,1
Streptomyces ardesiacus 6G-OA-21,NZ_JAMHJP010000001.1,146815,149681,5.1829,1,1,1
Streptomyces ardesiacus NPDC057174,NZ_JBHUVW010000161.1,10829,13695,5.1829,1,1,1
Streptomyces ardesiacus NPDC059588,NZ_JBHWCG010000004.1,31258,34124,5.1827,1,1,1
Streptomyces ardesiacus NPDC012537,NZ_JBIBEH010000003.1,533942,536808,5.1827,1,1,1
Streptomyces ardesiacus NPDC093086,NZ_JBIVPC010000017.1,70994,73860,5.1827,1,1,1
Streptomyces ardesiacus NPDC093553,NZ_JBIWJE010000004.1,474975,477841,5.1822,1,1,1
Streptomyces ardesiacus NPDC127099,NZ_JBHXFK010000050.1,19794,22660,5.1827,1,1,1
Streptomyces ardesiacus NPDC059739,NZ_JBHWGO010000010.1,128921,131847,5.1825,1,1,1
Streptomyces ardesiacus NPDC093072,NZ_JBIVPG010000013.1,67731,70597,5.1821,1,1,1
Streptomyces diastaticus SID7513,JAAGMO010000473.1,20922,23788,5.1827,1,1,1
Streptomyces olivaceus FXJ2.409,NZ_JAHSST010000016.1,41868,44821,5.1780,1,1,1
Streptomyces olivaceus FXJ2.409,JAHSST010000016.1,41946,44821,5.1779,1,1,1
Streptomyces olivaceus MM1-13,NZ_JAHSTB010000015.1,41868,44821,5.1780,1,1,1
Streptomyces olivaceus MM1-13,JAHSTB010000015.1,41946,44821,5.1779,1,1,1
Streptomyces olivaceus MM1-7,NZ_JAHSTC010000014.1,158714,161667,5.1780,1,1,1
Streptomyces olivaceus MM1-7,JAHSTC010000014.1,158714,161589,5.1779,1,1,1
Streptomyces olivaceus FXJ8.012,NZ_JAHSTP010000015.1,158714,161667,5.1780,1,1,1
Streptomyces olivaceus FXJ8.012,JAHSTP010000015.1,158714,161589,5.1779,1,1,1
Streptomyces olivaceus FXJ8.101,NZ_JAHSTR010000015.1,158714,161667,5.1780,1,1,1
Streptomyces olivaceus FXJ8.101,JAHSTR010000015.1,158714,161589,5.1779,1,1,1
Streptomyces olivaceus N11-26,NZ_BNEG01000005.1,2640863,2643816,5.1764,1,1,1
Streptomyces olivaceus N11-26,BNEG01000005.1,2640863,2643738,5.1762,1,1,1
Streptomyces olivaceus FXJ1.045,NZ_JAHSSQ010000005.1,213186,216139,5.1761,1,1,1
Streptomyces olivaceus FXJ1.045,JAHSSQ010000005.1,213264,216139,5.1759,1,1,1
Streptomyces olivaceus FXJ1.066,NZ_JAHSSR010000006.1,213191,216144,5.1761,1,1,1
Streptomyces olivaceus FXJ1.066,JAHSSR010000006.1,213269,216144,5.1759,1,1,1
Streptomyces olivaceus FXJ1.268,NZ_JAHSSS010000006.1,397282,400235,5.1761,1,1,1
Streptomyces olivaceus FXJ1.268,JAHSSS010000006.1,397360,400235,5.1759,1,1,1
Streptomyces olivaceus FXJ2.410,NZ_JAHSSU010000023.1,158164,161117,5.1765,1,1,1
Streptomyces olivaceus FXJ2.410,JAHSSU010000023.1,158164,161039,5.1763,1,1,1
Streptomyces olivaceus FXJ2.411,NZ_JAHSSV010000019.1,158164,161117,5.1765,1,1,1
Streptomyces olivaceus FXJ2.411,JAHSSV010000019.1,158164,161039,5.1763,1,1,1
Streptomyces olivaceus FXJ2.417,NZ_JAHSSW010000018.1,41824,44777,5.1762,1,1,1
Streptomyces olivaceus FXJ2.417,JAHSSW010000018.1,41902,44777,5.1760,1,1,1
Streptomyces olivaceus FXJ2.418,NZ_JAHSSX010000020.1,158637,161590,5.1762,1,1,1
Streptomyces olivaceus FXJ2.418,JAHSSX010000020.1,158637,161512,5.1760,1,1,1
Streptomyces olivaceus FXJ3.001,NZ_JAHSSZ010000006.1,158618,161571,5.1761,1,1,1
Streptomyces olivaceus FXJ3.001,JAHSSZ010000006.1,158618,161493,5.1759,1,1,1
Streptomyces olivaceus TRM81-6,NZ_JAHSTA010000022.1,44803,47756,5.1760,1,1,1
Streptomyces olivaceus TRM81-6,JAHSTA010000022.1,44881,47756,5.1758,1,1,1
Streptomyces olivaceus MM5-2,NZ_JAHSTD010000004.1,158618,161571,5.1761,1,1,1
Streptomyces olivaceus MM5-2,JAHSTD010000004.1,158618,161493,5.1759,1,1,1
Streptomyces olivaceus CGMCC 4.1369,NZ_JAHSTE010000003.1,485293,488246,5.1760,1,1,1
Streptomyces olivaceus CGMCC 4.1369,JAHSTE010000003.1,485371,488246,5.1758,1,1,1
Streptomyces olivaceus xian7,NZ_JAHSTF010000017.1,41875,44828,5.1764,1,1,1
Streptomyces olivaceus xian7,JAHSTF010000017.1,41953,44828,5.1762,1,1,1
Streptomyces olivaceus xian20,NZ_JAHSTG010000017.1,158608,161561,5.1764,1,1,1
Streptomyces olivaceus xian20,JAHSTG010000017.1,158608,161483,5.1762,1,1,1
Streptomyces olivaceus KLBMP 1036,NZ_JAHSTH010000014.1,181224,184177,5.1764,1,1,1
Streptomyces olivaceus KLBMP 1036,JAHSTH010000014.1,181302,184177,5.1762,1,1,1
Streptomyces olivaceus FXJ6.020,NZ_JAHSTI010000006.1,213154,216107,5.1761,1,1,1
Streptomyces olivaceus FXJ6.020,JAHSTI010000006.1,213232,216107,5.1759,1,1,1
Streptomyces olivaceus FXJ6.027,NZ_JAHSTJ010000005.1,397283,400236,5.1761,1,1,1
Streptomyces olivaceus FXJ6.027,JAHSTJ010000005.1,397361,400236,5.1759,1,1,1
Streptomyces olivaceus FXJ7.023,NZ_JAHSTK010000006.1,213186,216139,5.1761,1,1,1
Streptomyces olivaceus FXJ7.023,JAHSTK010000006.1,213264,216139,5.1759,1,1,1
Streptomyces olivaceus FXJ7.105,NZ_JAHSTL010000005.1,158618,161571,5.1761,1,1,1
Streptomyces olivaceus FXJ7.105,JAHSTL010000005.1,158618,161493,5.1759,1,1,1
Streptomyces olivaceus FXJ7.129,NZ_JAHSTM010000005.1,213207,216160,5.1761,1,1,1
Streptomyces olivaceus FXJ7.129,JAHSTM010000005.1,213285,216160,5.1759,1,1,1
Streptomyces olivaceus FXJ7-4,NZ_JAHSTN010000010.1,213147,216100,5.1761,1,1,1
Streptomyces olivaceus FXJ7-4,JAHSTN010000010.1,213225,216100,5.1759,1,1,1
Streptomyces olivaceus FXJ8.006,NZ_JAHSTO010000007.1,213204,216157,5.1761,1,1,1
Streptomyces olivaceus FXJ8.006,JAHSTO010000007.1,213282,216157,5.1759,1,1,1
Streptomyces olivaceus FXJ8.063,NZ_JAHSTQ010000005.1,397282,400235,5.1761,1,1,1
Streptomyces olivaceus FXJ8.063,JAHSTQ010000005.1,397360,400235,5.1759,1,1,1
Streptomyces olivaceus NPDC000398,NZ_JBEPDQ010000015.1,46456,49409,5.1760,1,1,1
Streptomyces olivaceus NPDC029509,NZ_JBEZWG010000009.1,158403,161356,5.1760,1,1,1
Streptomyces olivaceus NPDC057263,NZ_JBHUYC010000017.1,158564,161517,5.1764,1,1,1
Streptomyces olivaceus NPDC059449,NZ_JBHYVG010000016.1,41846,44799,5.1764,1,1,1
Streptomyces olivaceus NPDC006858,NZ_JBIAGD010000013.1,180139,183092,5.1762,1,1,1
Streptomyces olivaceus NPDC006857,NZ_JBIAGE010000004.1,46260,49213,5.1762,1,1,1
Streptomyces olivaceus NPDC001386,NZ_JBIAWN010000013.1,41830,44783,5.1764,1,1,1
Streptomyces olivaceus NPDC013800,NZ_JBICBB010000004.1,400666,403619,5.1764,1,1,1
Streptomyces olivaceus NPDC017221,NZ_JBIRNF010000003.1,899217,902170,5.1763,1,1,1
Streptomyces olivaceus NPDC017217,NZ_JBIRNI010000006.1,303036,305989,5.1763,1,1,1
Streptomyces olivaceus NPDC017216,NZ_JBIRNJ010000004.1,541693,544646,5.1763,1,1,1
Streptomyces olivaceus NPDC017211,NZ_JBIRNM010000014.1,134423,137376,5.1763,1,1,1
Streptomyces olivaceus NPDC017205,NZ_JBIRNO010000015.1,158089,161042,5.1763,1,1,1
Streptomyces olivaceus NPDC017136,NZ_JBIROH010000002.1,899623,902576,5.1763,1,1,1
Streptomyces olivaceus NRRL B-3009,NZ_JOFH01000001.1,484692,487645,5.1760,1,1,1
Streptomyces olivaceus NRRL B-3009,JADOEJ010000057.1,103,2978,5.1763,1,1,1
Streptomyces olivaceus NRRL B-3009,NZ_JADOEJ010000057.1,103,3056,5.1763,1,1,1
Streptomyces olivaceus FXJ2.420,NZ_JAHSSY010000006.1,399005,401958,5.1764,1,1,1
Streptomyces olivaceus FXJ2.420,JAHSSY010000006.1,399083,401958,5.1763,1,1,1
Streptomyces olivaceus KLBMP 5084,CP016795.1,919757,922632,5.1762,1,1,1
Streptomyces olivaceus NPDC026684,NZ_JBEZXP010000008.1,23711,26664,5.1762,1,1,1
Streptomyces olivaceus CR8,NZ_JAHSSK010000017.1,153698,156651,5.1765,1,1,1
Streptomyces olivaceus CR8,JAHSSK010000017.1,153698,156573,5.1765,1,1,1
Streptomyces olivaceus NPDC056357,NZ_JBHJQK010000015.1,97968,100921,5.1761,1,1,1
Streptomyces olivaceus NPDC101122,NZ_JBIVZD010000017.1,23815,26768,5.1764,1,1,1
Streptomyces olivaceus DC10-5,BNEF01000005.1,2085016,2087891,5.1763,1,1,1
Streptomyces olivaceus DC10-5,NZ_BNEF01000005.1,2085016,2087969,5.1763,1,1,1
Streptomyces olivaceus CR3,JAHSSJ010000012.1,233789,236664,5.1765,1,1,1
Streptomyces olivaceus CR3,NZ_JAHSSJ010000012.1,233711,236664,5.1765,1,1,1
Streptomyces olivaceus CR2,JAHSSI010000022.1,156542,159417,5.1766,1,1,1
Streptomyces olivaceus CR2,NZ_JAHSSI010000022.1,156542,159495,5.1766,1,1,1
Streptomyces olivaceus CR12,JAHSSL010000020.1,22722,25597,5.1766,1,1,1
Streptomyces olivaceus CR12,NZ_JAHSSL010000020.1,22644,25597,5.1766,1,1,1
Streptomyces olivaceus CR22,JAHSSN010000022.1,156618,159493,5.1764,1,1,1
Streptomyces olivaceus CR22,NZ_JAHSSN010000022.1,156618,159571,5.1764,1,1,1
Streptomyces olivaceus CR18,JAHSSM010000026.1,23107,25982,5.1764,1,1,1
Streptomyces olivaceus CR18,NZ_JAHSSM010000026.1,23029,25982,5.1764,1,1,1
Streptomyces olivaceus CR27,JAHSSP010000020.1,156715,159590,5.1765,1,1,1
Streptomyces olivaceus CR27,NZ_JAHSSP010000020.1,156715,159668,5.1765,1,1,1
Streptomyces olivaceus CR24,JAHSSO010000022.1,156933,159808,5.1765,1,1,1
Streptomyces olivaceus CR24,NZ_JAHSSO010000022.1,156933,159886,5.1765,1,1,1
Streptomyces olivaceus B-81,CP098608.1,1131101,1133976,5.1766,1,1,1
Streptomyces olivaceus B-81,NZ_CP098608.1,1131023,1133976,5.1766,1,1,1
Streptomyces olivaceus SCSIO T05,NZ_CP043317.1,7346367,7349320,5.1762,1,1,1
Streptomyces olivaceus NPDC003520,NZ_JBEXMZ010000077.1,21601,24554,5.1766,1,1,1
Streptomyces olivaceus NPDC057146,NZ_JBHUVD010000008.1,156492,159445,5.1765,1,1,1
Streptomyces olivaceus NPDC057211,NZ_JBHUWP010000039.1,96,3049,5.1761,1,1,1
Streptomyces olivaceus NPDC057214,NZ_JBHUWQ010000028.1,45525,48478,5.1761,1,1,1
Streptomyces olivaceus NPDC057215,NZ_JBHUWR010000041.1,96,3049,5.1761,1,1,1
Streptomyces olivaceus NPDC057216,NZ_JBHUWS010000004.1,454588,457541,5.1761,1,1,1
Streptomyces olivaceus NPDC057224,NZ_JBHUWX010000001.1,1011683,1014636,5.1761,1,1,1
Streptomyces olivaceus NPDC057228,NZ_JBHUXB010000045.1,45495,48448,5.1761,1,1,1
Streptomyces olivaceus NPDC057233,NZ_JBHUXF010000035.1,90,3043,5.1761,1,1,1
Streptomyces olivaceus NPDC057252,NZ_JBHUXU010000060.1,90,3043,5.1761,1,1,1
Streptomyces olivaceus NPDC057337,NZ_JBHVAD010000007.1,210433,213386,5.1765,1,1,1
Streptomyces olivaceus NPDC057366,NZ_JBHVAS010000021.1,53679,56632,5.1764,1,1,1
Streptomyces olivaceus NPDC127083,NZ_JBHXEZ010000834.1,154,3107,5.1765,1,1,1
Streptomyces olivaceus NPDC058982,NZ_JBHYJY010000101.1,23075,26028,5.1762,1,1,1
Streptomyces olivaceus NPDC058971,NZ_JBHYKE010000093.1,23035,25988,5.1762,1,1,1
Streptomyces olivaceus NPDC058709,NZ_JBHYRJ010000047.1,23075,26028,5.1762,1,1,1
Streptomyces olivaceus NPDC059288,NZ_JBHYYS010000016.1,23075,26028,5.1762,1,1,1
Streptomyces olivaceus NPDC059287,NZ_JBHYYT010000012.1,180294,183247,5.1762,1,1,1
Streptomyces olivaceus NPDC059286,NZ_JBHYYU010000023.1,23075,26028,5.1762,1,1,1
Streptomyces olivaceus NPDC003414,NZ_JBIAOO010000016.1,161656,164609,5.1766,1,1,1
Streptomyces olivaceus NPDC008051,NZ_JBIBII010000015.1,159385,162338,5.1763,1,1,1
Streptomyces olivaceus NPDC007996,NZ_JBIBJB010000026.1,140,3093,5.1762,1,1,1
Streptomyces olivaceus NPDC048725,NZ_JBICVD010000015.1,21668,24621,5.1765,1,1,1
Streptomyces olivaceus NPDC020953,NZ_JBIRRG010000019.1,100,3053,5.1762,1,1,1
Streptomyces olivaceus NPDC020867,NZ_JBIRSB010000036.1,21719,24672,5.1762,1,1,1
Streptomyces olivaceus NPDC020865,NZ_JBIRSC010000031.1,21719,24672,5.1762,1,1,1
Streptomyces olivaceus NPDC020860,NZ_JBIRSE010000026.1,100,3053,5.1762,1,1,1
Streptomyces olivaceus NPDC020859,NZ_JBIRSF010000031.1,21719,24672,5.1762,1,1,1
Streptomyces olivaceus NPDC088797,NZ_JBIVJZ010000038.1,102,3055,5.1762,1,1,1
Streptomyces rochei NPDC057129,NZ_JBHUUQ010000003.1,150725,153633,5.1780,1,1,1
Streptomyces rochei NPDC017484,NZ_JBIRKU010000001.1,150469,153332,5.1777,1,1,1
Streptomyces rochei D21E05,NZ_CP139824.1,1560307,1563215,5.1774,1,1,1
Streptomyces rochei SID8161,NZ_JAAGMZ010000757.1,9036,11944,5.1778,1,1,1
Streptomyces rochei SID8161,JAAGMZ010000757.1,9036,11884,5.1778,1,1,1
Streptomyces rochei NS1,NZ_JAJIRV010000013.1,142798,145706,5.1778,1,1,1
Streptomyces rochei NPDC000783,NZ_JBEPCB010000029.1,31541,34449,5.1772,1,1,1
Streptomyces rochei NPDC000158,NZ_JBEPFA010000006.1,242834,245742,5.1777,1,1,1
Streptomyces rochei NPDC004652,NZ_JBEXKT010000002.1,130854,133762,5.1776,1,1,1
Streptomyces rochei NPDC006395,NZ_JBEXQE010000011.1,119037,121945,5.1778,1,1,1
Streptomyces rochei NPDC006340,NZ_JBEXQV010000005.1,170530,173438,5.1777,1,1,1
Streptomyces rochei NPDC047745,NZ_JBEYSN010000007.1,127270,130178,5.1778,1,1,1
Streptomyces rochei NPDC046706,NZ_JBEYYX010000007.1,132169,135074,5.1768,1,1,1
Streptomyces rochei NPDC024586,NZ_JBEZYQ010000002.1,150565,153473,5.1775,1,1,1
Streptomyces rochei NPDC057869,NZ_JBFBNI010000008.1,150242,153150,5.1777,1,1,1
Streptomyces rochei NPDC057770,NZ_JBFBNJ010000003.1,130713,133621,5.1777,1,1,1
Streptomyces rochei NPDC057760,NZ_JBFBNK010000005.1,155457,158365,5.1778,1,1,1
Streptomyces rochei 8ER183,NZ_JBGMQM010000006.1,307290,310198,5.1776,1,1,1
Streptomyces rochei NPDC057084,NZ_JBHUTM010000041.1,41020,43928,5.1777,1,1,1
Streptomyces rochei NPDC057762,NZ_JBHVKF010000037.1,16587,19495,5.1777,1,1,1
Streptomyces rochei NPDC057766,NZ_JBHVKI010000010.1,6705,9613,5.1776,1,1,1
Streptomyces rochei NPDC057768,NZ_JBHVKK010000008.1,78538,81446,5.1778,1,1,1
Streptomyces rochei NPDC057771,NZ_JBHVKM010000007.1,94981,97889,5.1778,1,1,1
Streptomyces rochei NPDC057773,NZ_JBHVKO010000120.1,6688,9596,5.1777,1,1,1
Streptomyces rochei NPDC057778,NZ_JBHVKP010000134.1,16579,19487,5.1778,1,1,1
Streptomyces rochei NPDC057782,NZ_JBHVKS010000012.1,150242,153150,5.1777,1,1,1
Streptomyces rochei NPDC057790,NZ_JBHVKZ010000040.1,41042,43950,5.1778,1,1,1
Streptomyces rochei NPDC057803,NZ_JBHVLG010000032.1,16566,19474,5.1776,1,1,1
Streptomyces rochei NPDC057824,NZ_JBHVLS010000012.1,6661,9569,5.1777,1,1,1
Streptomyces rochei NPDC058327,NZ_JBHVZP010000016.1,6692,9600,5.1776,1,1,1
Streptomyces rochei NPDC058349,NZ_JBHXIK010000007.1,41152,44060,5.1776,1,1,1
Streptomyces rochei NPDC058856,NZ_JBHYMU010000011.1,150362,153270,5.1778,1,1,1
Streptomyces rochei NPDC058849,NZ_JBHYMY010000009.1,72616,75524,5.1777,1,1,1
Streptomyces rochei NPDC058814,NZ_JBHYNZ010000010.1,150577,153485,5.1778,1,1,1
Streptomyces rochei NPDC058810,NZ_JBHYOD010000002.1,150645,153553,5.1778,1,1,1
Streptomyces rochei NPDC058805,NZ_JBHYOI010000020.1,41192,44100,5.1778,1,1,1
Streptomyces rochei NPDC058804,NZ_JBHYOJ010000010.1,150592,153500,5.1778,1,1,1
Streptomyces rochei NPDC058803,NZ_JBHYOK010000007.1,143175,146083,5.1778,1,1,1
Streptomyces rochei NPDC007838,NZ_JBIAEI010000003.1,953566,956474,5.1775,1,1,1
Streptomyces rochei NPDC014780,NZ_JBIBXO010000006.1,251341,254249,5.1778,1,1,1
Streptomyces rochei NPDC048184,NZ_JBIDAO010000006.1,292040,294948,5.1776,1,1,1
Streptomyces rochei NPDC017750,NZ_JBIRIM010000003.1,155386,158294,5.1778,1,1,1
Streptomyces rochei NPDC017502,NZ_JBIRKM010000002.1,150508,153416,5.1775,1,1,1
Streptomyces rochei NPDC017466,NZ_JBIRLE010000006.1,417130,420038,5.1772,1,1,1
Streptomyces rochei NPDC020943,NZ_JBIRRJ010000007.1,343519,346427,5.1775,1,1,1
Streptomyces rochei NPDC018887,NZ_JBIRZG010000010.1,225934,228842,5.1778,1,1,1
Streptomyces rochei NPDC018789,NZ_JBIRZP010000003.1,627739,630647,5.1778,1,1,1
Streptomyces rochei NPDC018683,NZ_JBISAA010000002.1,150428,153336,5.1778,1,1,1
Streptomyces rochei NPDC018673,NZ_JBISAB010000002.1,678653,681561,5.1778,1,1,1
Streptomyces rochei NPDC053546,NZ_JBITXK010000002.1,926252,929160,5.1775,1,1,1
Streptomyces rochei NPDC087318,NZ_JBIUYB010000004.1,708956,711864,5.1776,1,1,1
Streptomyces rochei NRRL B-2410,NZ_MUMD01000166.1,21845,24753,5.1778,1,1,1
Streptomyces rochei ACT-15,JBIENZ020000115.1,3895,6803,5.1774,1,1,1
Streptomyces rochei NPDC058815,NZ_JBHYNY010000015.1,77747,80655,5.1778,1,1,1
Streptomyces rochei NPDC058811,NZ_JBHYOC010000015.1,41031,43939,5.1778,1,1,1
Streptomyces rochei NPDC058808,NZ_JBHYOF010000016.1,40980,43888,5.1778,1,1,1
Streptomyces rochei NPDC058802,NZ_JBHYOL010000013.1,150444,153352,5.1778,1,1,1
Streptomyces rochei NPDC007933,NZ_JBIBKB010000007.1,150395,153303,5.1777,1,1,1
Streptomyces rochei NPDC058809,NZ_JBHYOE010000014.1,41279,44187,5.1776,1,1,1
Streptomyces rochei JK1,NZ_CP121271.1,1402688,1405596,5.1776,1,1,1
Streptomyces rochei NPDC000411,NZ_JBEPDL010000010.1,96213,99121,5.1776,1,1,1
Streptomyces rochei NPDC006330,NZ_JBEXRB010000009.1,150214,153122,5.1776,1,1,1
Streptomyces rochei NPDC055197,NZ_JBFASA010000004.1,363234,366142,5.1777,1,1,1
Streptomyces rochei NPDC056125,NZ_JBHJVS010000001.1,1512517,1515425,5.1777,1,1,1
Streptomyces rochei NPDC055948,NZ_JBHJYW010000016.1,41155,44063,5.1777,1,1,1
Streptomyces rochei NPDC055944,NZ_JBHJYY010000018.1,41249,44157,5.1777,1,1,1
Streptomyces rochei NPDC055934,NZ_JBHJZC010000004.1,41146,44054,5.1777,1,1,1
Streptomyces rochei NPDC055932,NZ_JBHJZD010000015.1,41168,44076,5.1777,1,1,1
Streptomyces rochei NPDC055931,NZ_JBHJZE010000013.1,149481,152389,5.1777,1,1,1
Streptomyces rochei NPDC057042,NZ_JBHUSS010000014.1,41167,44075,5.1777,1,1,1
Streptomyces rochei NPDC057068,NZ_JBHUTE010000025.1,16584,19492,5.1777,1,1,1
Streptomyces rochei NPDC057073,NZ_JBHUTH010000014.1,72773,75681,5.1777,1,1,1
Streptomyces rochei NPDC057149,NZ_JBHUVG010000057.1,41172,44080,5.1777,1,1,1
Streptomyces rochei NPDC057343,NZ_JBHVAG010000003.1,436486,439394,5.1777,1,1,1
Streptomyces rochei NPDC057769,NZ_JBHVKL010000005.1,28276,31184,5.1777,1,1,1
Streptomyces rochei NPDC057785,NZ_JBHVKV010000093.1,16611,19519,5.1777,1,1,1
Streptomyces rochei NPDC057799,NZ_JBHVLE010000015.1,41040,43948,5.1777,1,1,1
Streptomyces rochei NPDC057828,NZ_JBHVLV010000006.1,314411,317319,5.1777,1,1,1
Streptomyces rochei NPDC060231,NZ_JBHXAF010000012.1,41167,44075,5.1777,1,1,1
Streptomyces rochei NPDC060314,NZ_JBHXCB010000016.1,41186,44094,5.1777,1,1,1
Streptomyces rochei NPDC060315,NZ_JBHXCC010000015.1,149481,152389,5.1777,1,1,1
Streptomyces rochei NPDC060316,NZ_JBHXCD010000004.1,437307,440215,5.1777,1,1,1
Streptomyces rochei NPDC127125,NZ_JBHXTT010000006.1,41146,44054,5.1777,1,1,1
Streptomyces rochei NPDC127549,NZ_JBHXVU010000013.1,149481,152389,5.1777,1,1,1
Streptomyces rochei NPDC127562,NZ_JBHXVW010000001.1,149663,152571,5.1777,1,1,1
Streptomyces rochei NPDC058846,NZ_JBHYNB010000049.1,16705,19613,5.1777,1,1,1
Streptomyces rochei NPDC058813,NZ_JBHYOA010000014.1,38331,41239,5.1774,1,1,1
Streptomyces rochei NPDC058801,NZ_JBHYOM010000005.1,150623,153531,5.1774,1,1,1
Streptomyces rochei NPDC058791,NZ_JBHYOU010000011.1,142843,145751,5.1777,1,1,1
Streptomyces rochei NPDC014778,NZ_JBIBXQ010000003.1,699196,702104,5.1777,1,1,1
Streptomyces rochei NPDC013977,NZ_JBICAN010000017.1,150329,153237,5.1777,1,1,1
Streptomyces rochei NPDC085455,NZ_JBITTQ010000004.1,149715,152623,5.1777,1,1,1
Streptomyces rochei NPDC101106,NZ_JBIVZN010000002.1,150416,153324,5.1777,1,1,1
Streptomyces rochei NPDC058823,NZ_JBHYNU010000009.1,150331,153239,5.1777,1,1,1
Streptomyces rochei CC36,NZ_JASCXS010000001.1,131899,134807,5.1776,1,1,1
Streptomyces rochei MTOC-St3,NZ_JBIENY010000559.1,54535,57443,5.1776,1,1,1
Streptomyces rochei NPDC057109,NZ_JBHUUG010000006.1,72792,75700,5.1777,1,1,1
Streptomyces rochei NPDC058344,NZ_JBHXIF010000001.1,362837,365745,5.1773,1,1,1
Streptomyces rochei SR1102,NZ_CP161948.1,6654739,6657647,5.1776,1,1,1
Streptomyces rochei NPDC058790,NZ_JBHYOV010000005.1,430,3338,5.1776,1,1,1
Streptomyces rochei NPDC058716,NZ_JBHYRC010000012.1,149379,152287,5.1776,1,1,1
Streptomyces rochei NPDC093592,NZ_JBIWIX010000004.1,478092,481000,5.1772,1,1,1
Streptomyces rochei S32,CP133098.1,6649148,6652056,5.1774,1,1,1
Streptomyces thinghirensis JCM 18306,NZ_BAABJR010000003.1,70668,73570,5.1781,1,1,1
Streptomyces plicatus JCM 4504,NZ_BMUJ01000004.1,150375,153283,5.1777,1,1,1
Streptomyces plicatus JCM 4504,NZ_JBHSUW010000001.1,1307759,1310667,5.1777,1,1,1
Streptomyces plicatus JCM 4504,BMUJ01000004.1,150375,153199,5.1759,1,1,1
Streptomyces vinaceusdrappus AC-40,NZ_CP104697.1,1240909,1243817,5.1772,1,1,1
Streptomyces vinaceusdrappus JCM 4529,NZ_BMUN01000010.1,131826,134734,5.1776,1,1,1
Streptomyces vinaceusdrappus JCM 4529,BMUN01000010.1,131910,134734,5.1759,1,1,1
Streptomyces geysiriensis S19,NZ_JAIFOQ010000022.1,26428,29336,5.1775,1,1,1
Streptomyces geysiriensis S19,JAIFOQ010000022.1,26428,29276,5.1775,1,1,1
Streptomyces geysiriensis JCM 4962,BMWF01000002.1,420983,423807,5.1754,1,1,1
Streptomyces sp. SudanB91_2054,NZ_OZ186793.1,1223870,1226778,5.1778,1,1,1
Streptomyces sp. SudanB91_2054,OZ186793.1,1223930,1226778,5.1778,1,1,1
Streptomyces enissocaesilis NBF 715,CP118027.1,1383473,1386381,5.1778,1,1,1
Streptomyces sp. SHP22-7 SHP 22-7,QXMM01000011.1,39169,42017,5.1778,1,1,1
Streptomyces sp. SudanB5_2050,OZ186760.1,1305726,1308574,5.1772,1,1,1
Streptomyces sp. SudanB5_2050,NZ_OZ186760.1,1305666,1308574,5.1772,1,1,1
Streptomyces sp. SudanB135_2055,NZ_OZ186791.1,1469173,1472081,5.1775,1,1,1
Streptomyces sp. SudanB135_2055,OZ186791.1,1469233,1472081,5.1774,1,1,1
Streptomyces marokkonensis JCM 17027,NZ_BAABCQ010000161.1,1249,4129,5.1757,1,1,1
Streptomyces fumanus NPDC048122,NZ_JBEZMZ010000017.1,143614,146458,5.1703,1,1,1
Streptomyces fumanus JCM 4477,NZ_BNBI01000018.1,142170,145014,5.1699,1,1,1
Streptomyces fumanus NPDC000738,NZ_JBEPCF010000019.1,22264,25108,5.1699,1,1,1
Streptomyces griseoviridis DSM 40229,NZ_JAURUD010000001.1,1156599,1159521,5.1713,1,1,1
Streptomyces griseoviridis DSM 40229,JAURUD010000001.1,1156728,1159521,5.1697,1,1,1
Streptomyces griseoviridis NPDC030835,NZ_JBEZVV010000013.1,13119,16041,5.1713,1,1,1
Streptomyces griseoviridis JCM 4250,NZ_BMSM01000016.1,143573,146594,5.1713,1,1,1
Streptomyces niveoruber JCM 4234,NZ_BMSL01000013.1,142642,145663,5.1713,1,1,1
Streptomyces daghestanicus JCM 4365,NZ_BMTC01000020.1,143444,146465,5.1712,1,1,1
Streptomyces daghestanicus NBRC 12762,NZ_BNDX01000002.1,780176,783197,5.1712,1,1,1
Streptomyces ziwulingensis JCM 18081,NZ_BAABIG010000018.1,19712,22529,5.1695,1,1,1
Streptomyces lincolnensis L4,NZ_JAIHON010000011.1,183844,186695,5.1668,1,1,1
Streptomyces lincolnensis NPDC053378,NZ_JBITYH010000006.1,406606,409654,5.1677,1,1,1
Streptomyces lincolnensis B48,CP046024.1,1634874,1637712,5.1676,1,1,1
Streptomyces lincolnensis B48,NZ_CP046024.1,1634664,1637712,5.1673,1,1,1
Streptomyces lincolnensis NRRL 2936,NZ_CP016438.1,1666511,1669559,5.1673,1,1,1
Streptomyces lincolnensis LC-G,NZ_CP022744.1,1666504,1669552,5.1673,1,1,1
Streptomyces lincolnensis NPDC039676,NZ_JBEZCN010000042.1,69631,72679,5.1673,1,1,1
Streptomyces lincolnensis NPDC017905,NZ_JBIRHQ010000011.1,219036,222084,5.1673,1,1,1
Streptomyces misionensis NPDC059464,NZ_JBHYUS010000088.1,10994,13838,5.1662,1,1,1
Streptomyces griseicoloratus TRM S81-3,JACVQF010000199.1,167609,170575,5.1701,1,1,1
Streptomyces berlinensis 14.2,CP115393.1,7977,10806,5.1666,1,1,1
Streptomyces variegatus NRRL B-16380,JYJH01000013.1,89534,92341,5.1668,1,1,1
Streptomyces puniciscabiei DSM 41929,NZ_VFNX01000001.1,6290756,6293621,5.1665,1,1,1
Streptomyces puniciscabiei DSM 41929,VFNX01000001.1,6290756,6293573,5.1664,1,1,1
Streptomyces puniciscabiei NPDC000818,NZ_JBEPBZ010000044.1,58589,61406,5.1662,1,1,1
Streptomyces puniciscabiei NPDC020932,NZ_JBIRRO010000003.1,172875,175692,5.1662,1,1,1
Streptomyces puniciscabiei NRRL B-24456,NZ_LIRI01000268.1,18295,21112,5.1664,1,1,1
Streptomyces roseochromogenus subsp. oscitans DS 12.976,NZ_CM002285.1,8297512,8300328,5.1656,1,1,1
Streptomyces prunicolor NBC_01021,NZ_CP108676.1,1514960,1517776,5.1661,1,1,1
Streptomyces prunicolor NPDC052262,NZ_JBFAUV010000007.1,277525,280341,5.1661,1,1,1
Streptomyces incarnatus NRRL 8089,NZ_CP011497.1,7321938,7324755,5.1661,1,1,1
Streptomyces justiciae 3R004,NZ_JADDXU010000002.1,695444,698264,5.1659,1,1,1
Streptomyces justiciae 3R004,JADDXU010000002.1,695468,698264,5.1657,1,1,1
Streptomyces justiciae RA-WS2,NZ_JAMXPJ020000008.1,213327,216147,5.1659,1,1,1
Streptomyces justiciae WPN32,NZ_JAVTLL010000024.1,110731,113551,5.1653,1,1,1
Streptomyces aquilus GGCR-6,CP034463.1,1841481,1844277,5.1657,1,1,1
Streptomyces aquilus GGCR-6,NZ_CP034463.1,1841457,1844277,5.1657,1,1,1
Streptomyces aquilus NPDC085448,NZ_JBITTR010000016.1,199352,202172,5.1657,1,1,1
Streptomyces fulvoviolaceus ASQP_80,NZ_JAODTW010000007.1,75205,78025,5.1676,1,1,1
Streptomyces fulvoviolaceus NRRL B-2870,NZ_JOEY01000041.1,40291,43111,5.1680,1,1,1
Streptomyces broussonetiae A57,NZ_JAYMRP010000033.1,42071,44911,5.1668,1,1,1
Streptomyces davaonensis JCM 4913,NC_020504.1,8255837,8258666,5.1666,1,1,1
